{"stats":{"minecraft:used":{"minecraft:spruce_slab":1,"minecraft:poppy":1,"psychadelic:joint":1,"minecraft:chest":8,"minecraft:spruce_planks":122,"gamma_beasts:green_apple":33,"minecraft:shield":75,"minecraft:iron_sword":111,"minecraft:cooked_salmon":2,"minecraft:rotten_flesh":5,"minecraft:torch":1,"minecraft:dirt":43,"minecraft:mutton":1,"minecraft:hopper":4,"create:white_sail":1,"toughasnails:empty_canteen":7,"minecraft:cobblestone_wall":1,"minecraft:stone_stairs":4,"minecraft:tuff":2,"jeg:grenade":2,"minecraft:iron_axe":38,"psychadelic:blue_lotus_joint":1,"create:scoria":1,"minecraft:iron_helmet":1,"minecraft:iron_boots":3,"minecraft:beef":8,"psychadelic:mdmapill":1,"minecraft:oak_sapling":1,"minecraft:furnace":5,"jeg:revolver":16,"untamedwilds:food_turtle_cooked":4,"untamedwilds:material_fat":4,"minecraft:egg":3,"minecraft:potato":8,"minecraft:cobbled_deepslate":68,"minecraft:iron_leggings":5,"minecraft:wheat_seeds":32,"minecraft:water_bucket":48,"minecraft:oak_planks":1,"minecraft:glass_bottle":34,"minecraft:stone_pickaxe":45,"untamedwilds:food_turtle_raw":2,"minecraft:wooden_pickaxe":23,"psychadelic:chemistrybook":4,"minecraft:cobblestone_slab":4,"toughasnails:water_canteen":25,"minecraft:crafting_table":9,"toughasnails:wool_helmet":3,"minecraft:campfire":1,"minecraft:oak_log":9,"gamma_beasts:prehnite_armor_chestplate":3,"minecraft:diamond_pickaxe":20,"minecraft:bread":20,"minecraft:iron_pickaxe":331,"jeg:scrap_workbench":1,"minecraft:stone_axe":72,"minecraft:fishing_rod":5,"minecraft:potion":30,"minecraft:cobblestone":204,"minecraft:purple_bed":2,"toughasnails:purified_water_bottle":4,"minecraft:porkchop":1,"minecraft:cooked_porkchop":3,"minecraft:andesite":19,"untamedwilds:flora_bush_temperate":1,"toughasnails:purified_water_canteen":22,"minecraft:bucket":49,"minecraft:oak_boat":1,"minecraft:dandelion":1,"minecraft:air":2,"minecraft:moss_block":4},"minecraft:mined":{"create:deepslate_zinc_ore":15,"create:zinc_ore":1,"minecraft:tuff":2,"minecraft:spruce_planks":13,"gamma_beasts:roble_hoja_1":3,"untamedwilds:flora_junegrass":1,"minecraft:deepslate_diamond_ore":11,"minecraft:sculk_vein":1,"gamma_beasts:roblo_hoja":12,"minecraft:spruce_leaves":7,"minecraft:moss_block":5,"minecraft:spawner":1,"minecraft:large_fern":3,"untamedwilds:flora_yarrow":1,"minecraft:tall_seagrass":1,"minecraft:furnace":3,"minecraft:iron_ore":59,"minecraft:fire":43,"create:white_sail":1,"gamma_beasts:prehnite_ore":7,"minecraft:andesite":21,"minecraft:sculk_shrieker":1,"minecraft:dirt_path":1,"minecraft:deepslate_iron_ore":37,"minecraft:stone":48,"minecraft:spruce_slab":1,"jeg:scrap_ore":43,"minecraft:dandelion":1,"minecraft:soul_fire":3,"minecraft:crafting_table":5,"untamedwilds:flora_bush_temperate":1,"create:scoria":1,"minecraft:sculk_sensor":3,"minecraft:tall_grass":8,"minecraft:cobblestone":9,"minecraft:deepslate_gold_ore":1,"minecraft:wall_torch":1,"minecraft:sugar_cane":2,"minecraft:seagrass":1,"minecraft:purple_bed":3,"gamma_beasts:deepslate_prehnite_ore":1,"jeg:deepslate_scrap_ore":43,"untamedwilds:block_burrow":1,"minecraft:birch_log":14,"minecraft:wheat":32,"minecraft:blue_ice":2,"minecraft:spruce_log":1,"minecraft:birch_leaves":1,"untamedwilds:flora_eelgrass":1,"minecraft:grass":25,"minecraft:coal_ore":10,"minecraft:oak_log":25,"minecraft:sand":3,"minecraft:dirt":1,"minecraft:oak_leaves":9,"minecraft:deepslate":80,"minecraft:fern":3,"minecraft:diamond_ore":1},"minecraft:custom":{"minecraft:mob_kills":64,"minecraft:inspect_hopper":1,"minecraft:interact_with_crafting_table":64,"minecraft:open_barrel":15,"minecraft:interact_with_campfire":17,"minecraft:leave_game":6,"minecraft:time_since_death":7380,"minecraft:climb_one_cm":18564,"minecraft:sprint_one_cm":1080482,"minecraft:walk_one_cm":918822,"minecraft:damage_blocked_by_shield":2940,"minecraft:drop":67,"minecraft:talked_to_villager":1,"minecraft:play_time":335309,"minecraft:sneak_time":6086,"minecraft:deaths":29,"minecraft:walk_under_water_one_cm":70618,"minecraft:jump":7387,"minecraft:interact_with_blast_furnace":2,"minecraft:walk_on_water_one_cm":86376,"minecraft:total_world_time":335309,"minecraft:interact_with_furnace":70,"minecraft:interact_with_stonecutter":2,"minecraft:sleep_in_bed":6,"minecraft:time_since_rest":7402,"minecraft:damage_taken":8559,"minecraft:damage_dealt":8962,"minecraft:player_kills":3,"minecraft:swim_one_cm":107640,"minecraft:fly_one_cm":1416686,"minecraft:open_chest":100,"minecraft:crouch_one_cm":16673,"minecraft:fall_one_cm":253991,"minecraft:use_cauldron":3},"minecraft:dropped":{"psychadelic:chemistrybook":1,"minecraft:wheat_seeds":5,"minecraft:glow_ink_sac":2,"untamedwilds:material_fat":10,"minecraft:diamond":4,"untamedwilds:flora_yarrow":1,"minecraft:leather":3,"minecraft:spruce_button":81,"minecraft:oxeye_daisy":1,"minecraft:dirt":2,"mca:book_romance":1,"psychadelic:dxm":1,"psychadelic:weed":2,"psychadelic:tobacco":1,"minecraft:potion":1,"minecraft:sand":6,"minecraft:lily_pad":1,"minecraft:bucket":1,"minecraft:pink_tulip":1,"untamedwilds:food_turtle_cooked":2,"minecraft:cobbled_deepslate":1,"minecraft:rotten_flesh":6,"create:white_sail":1,"gamma_beasts:green_apple":1,"jeg:revolver":2,"minecraft:allium":1,"minecraft:andesite":7,"minecraft:spider_eye":2,"untamedwilds:flora_eelgrass":1,"minecraft:iron_ingot":5},"minecraft:killed_by":{"minecraft:player":5,"minecraft:creeper":1,"gamma_beasts:careyatros_a":1,"minecraft:skeleton":3,"minecraft:zombie":2},"minecraft:broken":{"toughasnails:water_canteen":2,"minecraft:stone_axe":1,"minecraft:iron_pickaxe":1,"toughasnails:purified_water_canteen":4},"minecraft:killed":{"minecraft:spider":2,"untamedwilds:softshell_turtle":4,"minecraft:skeleton":9,"minecraft:drowned":1,"minecraft:wolf":1,"untamedwilds:terror_bird":1,"minecraft:pig":3,"minecraft:salmon":9,"untamedwilds:boar":1,"minecraft:creeper":3,"minecraft:sheep":7,"untamedwilds:bear":1,"untamedwilds:tortoise":1,"minecraft:zombie":14,"untamedwilds:bison":2,"minecraft:cow":2},"minecraft:crafted":{"minecraft:oak_planks":64,"minecraft:cobblestone_slab":6,"minecraft:fishing_rod":1,"untamedwilds:food_turtle_cooked":2,"minecraft:spruce_button":27,"minecraft:furnace":2,"gamma_beasts:prehnite_armor_chestplate":1,"minecraft:glass":3,"minecraft:hopper":4,"minecraft:iron_boots":2,"jeg:scrap_workbench":1,"minecraft:iron_axe":1,"minecraft:stone_pickaxe":4,"minecraft:chest":12,"minecraft:glass_bottle":3,"toughasnails:wool_helmet":1,"minecraft:crafting_table":4,"minecraft:spruce_planks":308,"minecraft:wooden_pickaxe":1,"minecraft:iron_helmet":1,"minecraft:bucket":2,"minecraft:birch_planks":40,"minecraft:campfire":1,"minecraft:stone_axe":1,"minecraft:air":0,"minecraft:bread":10,"jeg:scrap_block":1,"minecraft:oak_boat":1,"minecraft:charcoal":9,"minecraft:shield":1,"minecraft:stick":24,"minecraft:iron_ingot":75,"minecraft:iron_pickaxe":1,"minecraft:iron_leggings":1,"toughasnails:empty_canteen":1},"minecraft:picked_up":{"minecraft:fishing_rod":1,"jeg:makeshift_stock":2,"minecraft:charcoal":14,"minecraft:iron_chestplate":1,"minecraft:crafting_table":12,"minecraft:wheat":43,"minecraft:allium":2,"gamma_beasts:prehnite_armor_chestplate":15,"minecraft:chicken":3,"minecraft:clay_ball":8,"psychadelic:weed":2,"minecraft:stone_slab":1,"minecraft:wooden_pickaxe":4,"untamedwilds:hide_ashen":4,"minecraft:potion":3,"minecraft:enchanted_book":4,"minecraft:shield":21,"untamedwilds:food_turtle_cooked":6,"minecraft:string":40,"minecraft:stone_stairs":17,"untamedwilds:food_bear_raw":3,"minecraft:raw_copper":39,"minecraft:iron_axe":13,"minecraft:cooked_salmon":2,"minecraft:iron_leggings":18,"minecraft:iron_shovel":1,"jeg:revolver":9,"psychadelic:tobacco":1,"minecraft:cobbled_deepslate":145,"minecraft:bucket":1,"minecraft:spruce_planks":175,"minecraft:beef":8,"minecraft:cobblestone_slab":8,"minecraft:poppy":1,"minecraft:iron_pickaxe":7,"minecraft:spruce_slab":3,"toughasnails:wool_helmet":3,"minecraft:sugar_cane":30,"minecraft:furnace":7,"minecraft:iron_boots":16,"minecraft:egg":4,"minecraft:stick":39,"minecraft:raw_iron":392,"jeg:pistol_ammo":10,"minecraft:copper_ingot":24,"minecraft:torch":11,"untamedwilds:flora_bush_temperate":2,"minecraft:porkchop":5,"psychadelic:blue_lotus_joint":1,"minecraft:arrow":59,"minecraft:rotten_flesh":41,"psychadelic:mdmapill":1,"create:scoria":1,"minecraft:pink_tulip":1,"gamma_beasts:coal_nugget":21,"minecraft:bookshelf":2,"untamedwilds:flora_yarrow":1,"minecraft:mutton":18,"minecraft:white_wool":13,"minecraft:cobblestone":1840,"minecraft:oxeye_daisy":1,"minecraft:nautilus_shell":7,"minecraft:birch_log":14,"minecraft:feather":3,"minecraft:salmon":11,"minecraft:glow_ink_sac":34,"minecraft:water_bucket":10,"minecraft:andesite":26,"minecraft:leather":16,"gamma_beasts:prehnite":16,"minecraft:potato":44,"minecraft:birch_planks":12,"minecraft:lily_pad":1,"minecraft:oak_log":24,"minecraft:tuff":2,"create:raw_zinc":92,"gamma_beasts:green_apple":83,"gamma_beasts:oak_leaf":15,"toughasnails:purified_water_bottle":1,"jeg:scrap":468,"minecraft:cobblestone_wall":1,"minecraft:gunpowder":13,"mca:book_romance":1,"minecraft:dirt":387,"jeg:grenade":4,"untamedwilds:flora_junegrass":6,"untamedwilds:food_turtle_raw":10,"minecraft:bone":99,"untamedwilds:material_fat":17,"psychadelic:joint":1,"minecraft:wheat_seeds":116,"minecraft:raw_gold":7,"minecraft:iron_ingot":71,"minecraft:stone_pickaxe":2,"untamedwilds:hide_tan":9,"minecraft:glass_bottle":8,"jeg:double_barrel_shotgun":1,"minecraft:moss_block":6,"minecraft:iron_sword":14,"minecraft:stone_hoe":1,"minecraft:oak_planks":338,"jeg:tech_trash":40,"psychadelic:dxm":3,"toughasnails:purified_water_canteen":6,"minecraft:cooked_porkchop":8,"minecraft:sweet_berries":1,"minecraft:dandelion":1,"untamedwilds:flora_eelgrass":1,"minecraft:gravel":2,"minecraft:sand":15,"minecraft:spruce_sapling":3,"minecraft:spruce_log":1,"minecraft:spider_eye":4,"minecraft:pumpkin_seeds":6,"toughasnails:water_canteen":5,"minecraft:purple_bed":4,"minecraft:diamond":73,"minecraft:stone_axe":5,"minecraft:iron_helmet":20,"minecraft:spruce_button":54,"minecraft:bread":50,"minecraft:oak_sapling":2,"psychadelic:chemistrybook":3,"minecraft:coal":24,"create:white_sail":2,"minecraft:diamond_pickaxe":15}},"DataVersion":3465}