{"stats":{"minecraft:used":{"minecraft:chest":8,"gamma_beasts:green_apple":21,"minecraft:shield":58,"minecraft:iron_sword":66,"minecraft:cooked_salmon":2,"minecraft:rotten_flesh":4,"minecraft:torch":1,"minecraft:dirt":19,"minecraft:mutton":1,"minecraft:hopper":4,"toughasnails:empty_canteen":4,"minecraft:cobblestone_wall":1,"minecraft:stone_stairs":4,"minecraft:tuff":2,"jeg:grenade":2,"minecraft:iron_axe":4,"create:scoria":1,"minecraft:beef":7,"minecraft:oak_sapling":1,"minecraft:furnace":5,"jeg:revolver":5,"untamedwilds:food_turtle_cooked":4,"untamedwilds:material_fat":4,"minecraft:egg":2,"minecraft:potato":5,"minecraft:cobbled_deepslate":68,"minecraft:iron_leggings":2,"minecraft:water_bucket":13,"minecraft:glass_bottle":33,"minecraft:stone_pickaxe":45,"untamedwilds:food_turtle_raw":1,"minecraft:wooden_pickaxe":23,"psychadelic:chemistrybook":4,"minecraft:cobblestone_slab":4,"toughasnails:water_canteen":19,"minecraft:crafting_table":7,"minecraft:campfire":1,"minecraft:oak_log":8,"gamma_beasts:prehnite_armor_chestplate":2,"minecraft:diamond_pickaxe":13,"minecraft:bread":7,"minecraft:iron_pickaxe":331,"jeg:scrap_workbench":1,"minecraft:stone_axe":72,"minecraft:fishing_rod":5,"minecraft:potion":29,"minecraft:cobblestone":31,"toughasnails:purified_water_bottle":4,"minecraft:porkchop":1,"minecraft:cooked_porkchop":3,"minecraft:andesite":19,"untamedwilds:flora_bush_temperate":1,"toughasnails:purified_water_canteen":10,"minecraft:bucket":14,"minecraft:air":2,"minecraft:moss_block":4},"minecraft:mined":{"minecraft:diamond_ore":1,"create:deepslate_zinc_ore":15,"create:zinc_ore":1,"minecraft:tuff":2,"gamma_beasts:roble_hoja_1":3,"untamedwilds:flora_junegrass":1,"minecraft:deepslate_diamond_ore":11,"minecraft:sculk_vein":1,"gamma_beasts:roblo_hoja":10,"minecraft:moss_block":5,"minecraft:spawner":1,"minecraft:large_fern":2,"untamedwilds:flora_yarrow":1,"minecraft:tall_seagrass":1,"minecraft:furnace":3,"minecraft:iron_ore":59,"minecraft:fire":2,"gamma_beasts:prehnite_ore":7,"minecraft:andesite":21,"minecraft:sculk_shrieker":1,"minecraft:deepslate_iron_ore":37,"minecraft:dirt_path":1,"minecraft:stone":48,"jeg:scrap_ore":43,"minecraft:soul_fire":3,"minecraft:crafting_table":4,"untamedwilds:flora_bush_temperate":1,"create:scoria":1,"minecraft:sculk_sensor":3,"minecraft:tall_grass":4,"minecraft:cobblestone":4,"minecraft:deepslate_gold_ore":1,"minecraft:sugar_cane":2,"gamma_beasts:deepslate_prehnite_ore":1,"jeg:deepslate_scrap_ore":43,"untamedwilds:block_burrow":1,"minecraft:birch_log":7,"minecraft:blue_ice":2,"minecraft:grass":16,"minecraft:oak_log":22,"minecraft:coal_ore":10,"minecraft:sand":3,"minecraft:oak_leaves":9,"minecraft:deepslate":80,"minecraft:fern":2},"minecraft:dropped":{"minecraft:glow_ink_sac":2,"untamedwilds:material_fat":7,"minecraft:diamond":4,"untamedwilds:flora_yarrow":1,"minecraft:leather":3,"minecraft:spruce_button":81,"minecraft:dirt":1,"mca:book_romance":1,"minecraft:potion":1,"minecraft:sand":6,"minecraft:lily_pad":1,"minecraft:bucket":1,"minecraft:pink_tulip":1,"untamedwilds:food_turtle_cooked":2,"minecraft:cobbled_deepslate":1,"gamma_beasts:green_apple":1,"jeg:revolver":1,"minecraft:allium":1,"minecraft:andesite":7,"minecraft:spider_eye":1,"psychadelic:chemistrybook":1},"minecraft:custom":{"minecraft:mob_kills":49,"minecraft:interact_with_crafting_table":59,"minecraft:open_barrel":15,"minecraft:interact_with_campfire":10,"minecraft:leave_game":5,"minecraft:time_since_death":2257,"minecraft:climb_one_cm":5881,"minecraft:sprint_one_cm":680062,"minecraft:walk_one_cm":510670,"minecraft:damage_blocked_by_shield":2180,"minecraft:drop":39,"minecraft:play_time":203591,"minecraft:sneak_time":5190,"minecraft:deaths":18,"minecraft:walk_under_water_one_cm":48661,"minecraft:jump":4854,"minecraft:walk_on_water_one_cm":61329,"minecraft:total_world_time":203591,"minecraft:interact_with_furnace":65,"minecraft:sleep_in_bed":2,"minecraft:time_since_rest":2273,"minecraft:damage_taken":5519,"minecraft:damage_dealt":6660,"minecraft:player_kills":1,"minecraft:swim_one_cm":61094,"minecraft:fly_one_cm":921386,"minecraft:open_chest":46,"minecraft:crouch_one_cm":14177,"minecraft:fall_one_cm":179847,"minecraft:use_cauldron":3},"minecraft:killed_by":{"minecraft:player":3,"minecraft:creeper":1,"minecraft:skeleton":3,"minecraft:zombie":2},"minecraft:broken":{"toughasnails:water_canteen":1,"minecraft:stone_axe":1,"minecraft:iron_pickaxe":1,"toughasnails:purified_water_canteen":2},"minecraft:killed":{"minecraft:spider":2,"untamedwilds:softshell_turtle":4,"minecraft:skeleton":7,"minecraft:wolf":1,"minecraft:pig":3,"minecraft:salmon":9,"untamedwilds:boar":1,"minecraft:creeper":2,"minecraft:sheep":1,"untamedwilds:bear":1,"minecraft:zombie":11,"untamedwilds:bison":2,"minecraft:cow":2},"minecraft:crafted":{"minecraft:oak_planks":56,"minecraft:cobblestone_slab":6,"minecraft:fishing_rod":1,"untamedwilds:food_turtle_cooked":2,"minecraft:spruce_button":27,"minecraft:furnace":2,"gamma_beasts:prehnite_armor_chestplate":1,"minecraft:glass":3,"minecraft:hopper":4,"minecraft:iron_boots":2,"jeg:scrap_workbench":1,"minecraft:iron_axe":1,"minecraft:stone_pickaxe":4,"minecraft:chest":12,"minecraft:glass_bottle":3,"minecraft:crafting_table":3,"minecraft:spruce_planks":168,"minecraft:wooden_pickaxe":1,"minecraft:iron_helmet":1,"minecraft:bucket":2,"minecraft:birch_planks":12,"minecraft:campfire":1,"minecraft:stone_axe":1,"minecraft:air":0,"jeg:scrap_block":1,"minecraft:charcoal":9,"minecraft:shield":1,"minecraft:stick":24,"minecraft:iron_ingot":69,"minecraft:iron_pickaxe":1,"minecraft:iron_leggings":1,"toughasnails:empty_canteen":1},"minecraft:picked_up":{"minecraft:fishing_rod":1,"jeg:makeshift_stock":1,"minecraft:charcoal":8,"minecraft:iron_chestplate":1,"minecraft:crafting_table":9,"minecraft:wheat":11,"minecraft:allium":2,"gamma_beasts:prehnite_armor_chestplate":4,"minecraft:clay_ball":8,"minecraft:stone_slab":1,"minecraft:wooden_pickaxe":4,"untamedwilds:hide_ashen":4,"minecraft:potion":3,"minecraft:enchanted_book":4,"minecraft:shield":10,"untamedwilds:food_turtle_cooked":6,"minecraft:string":40,"minecraft:stone_stairs":13,"untamedwilds:food_bear_raw":3,"minecraft:raw_copper":39,"minecraft:iron_axe":3,"minecraft:cooked_salmon":2,"minecraft:iron_leggings":7,"minecraft:iron_shovel":1,"jeg:revolver":7,"minecraft:cobbled_deepslate":145,"minecraft:bucket":1,"minecraft:spruce_planks":76,"minecraft:beef":7,"minecraft:cobblestone_slab":4,"minecraft:iron_pickaxe":7,"minecraft:spruce_slab":1,"minecraft:sugar_cane":20,"minecraft:furnace":7,"minecraft:iron_boots":7,"minecraft:egg":2,"minecraft:stick":39,"minecraft:raw_iron":392,"jeg:pistol_ammo":5,"minecraft:copper_ingot":14,"minecraft:torch":1,"untamedwilds:flora_bush_temperate":2,"minecraft:porkchop":5,"minecraft:arrow":49,"minecraft:rotten_flesh":16,"create:scoria":1,"minecraft:pink_tulip":1,"gamma_beasts:coal_nugget":21,"minecraft:bookshelf":2,"untamedwilds:flora_yarrow":1,"minecraft:mutton":2,"minecraft:white_wool":3,"minecraft:cobblestone":1183,"minecraft:nautilus_shell":5,"minecraft:birch_log":7,"minecraft:salmon":11,"minecraft:glow_ink_sac":34,"minecraft:water_bucket":4,"minecraft:andesite":26,"minecraft:leather":10,"gamma_beasts:prehnite":16,"minecraft:potato":24,"minecraft:birch_planks":12,"minecraft:lily_pad":1,"minecraft:oak_log":22,"minecraft:tuff":2,"create:raw_zinc":92,"gamma_beasts:green_apple":69,"gamma_beasts:oak_leaf":15,"toughasnails:purified_water_bottle":1,"jeg:scrap":428,"minecraft:cobblestone_wall":1,"minecraft:gunpowder":7,"mca:book_romance":1,"minecraft:dirt":42,"jeg:grenade":4,"untamedwilds:flora_junegrass":4,"untamedwilds:food_turtle_raw":7,"minecraft:bone":65,"untamedwilds:material_fat":11,"minecraft:wheat_seeds":1,"minecraft:raw_gold":7,"minecraft:iron_ingot":66,"minecraft:stone_pickaxe":2,"minecraft:glass_bottle":6,"jeg:double_barrel_shotgun":1,"minecraft:moss_block":6,"minecraft:iron_sword":5,"minecraft:stone_hoe":1,"minecraft:oak_planks":331,"jeg:tech_trash":40,"toughasnails:purified_water_canteen":1,"minecraft:cooked_porkchop":8,"minecraft:sweet_berries":1,"minecraft:sand":15,"minecraft:spruce_sapling":3,"minecraft:spider_eye":3,"minecraft:pumpkin_seeds":6,"toughasnails:water_canteen":1,"minecraft:diamond":64,"minecraft:stone_axe":5,"minecraft:iron_helmet":11,"minecraft:spruce_button":54,"psychadelic:chemistrybook":3,"minecraft:oak_sapling":2,"minecraft:coal":24,"minecraft:diamond_pickaxe":5}},"DataVersion":3465}