{"stats":{"minecraft:used":{"minecraft:moss_carpet":1,"minecraft:writable_book":1,"minecraft:spruce_slab":728,"minecraft:ladder":3,"minecraft:oak_sign":2,"jeg:service_rifle":14,"minecraft:chest":29,"minecraft:shield":14,"minecraft:stone":15,"minecraft:iron_sword":75,"create:analog_lever":6,"minecraft:spruce_leaves":4,"jeg:soulhunter_mk2":15,"create:white_sail":55,"minecraft:glass":2,"minecraft:lava_bucket":12,"minecraft:iron_helmet":2,"minecraft:golden_sword":32,"create:linked_controller":1,"minecraft:furnace":9,"jeg:revolver":450,"minecraft:egg":1,"minecraft:golden_boots":1,"minecraft:birch_leaves":6,"minecraft:stone_pickaxe":63,"minecraft:oak_planks":3,"minecraft:polished_diorite_slab":2,"minecraft:wooden_pickaxe":10,"minecraft:redstone_block":2,"minecraft:sugar_cane":3,"toughasnails:water_canteen":31,"minecraft:white_wool":1,"minecraft:golden_apple":1,"jeg:gunmetal_workbench":3,"minecraft:sand":4,"minecraft:blast_furnace":6,"create:cut_diorite_slab":21,"minecraft:sponge":128,"vs_clockwork:flap_bearing":4,"jeg:recycler":1,"minecraft:lectern":4,"create:adjustable_chain_gearshift":15,"minecraft:andesite":9,"minecraft:oak_boat":2,"create:cut_asurine":6,"minecraft:air":2,"jeg:molotov_cocktail":1,"vs_clockwork:flap":52,"minecraft:oak_fence":129,"create:framed_glass":10,"create:cut_diorite_stairs":5,"minecraft:flint_and_steel":1,"toughasnails:leaf_helmet":1,"create:schematic_table":1,"toughasnails:water_purifier":1,"minecraft:stone_shovel":93,"jeg:schematic_station":1,"minecraft:spruce_planks":269,"gamma_beasts:green_apple":1,"create:cut_calcite":6,"jeg:holy_shotgun":4,"toughasnails:leaf_boots":1,"minecraft:cooked_chicken":5,"minecraft:netherrack":126,"minecraft:torch":52,"minecraft:dirt":138,"jeg:gunnite_workbench":3,"toughasnails:empty_canteen":2,"minecraft:spruce_stairs":8,"create:copycat_panel":8,"jeg:blueprint_workbench":2,"minecraft:spruce_fence":43,"minecraft:oak_fence_gate":1,"minecraft:dark_oak_planks":1,"minecraft:wooden_axe":12,"create:gearbox":52,"create:black_seat":2,"minecraft:iron_axe":70,"create:brass_encased_shaft":4,"minecraft:polished_deepslate_wall":15,"create:creative_motor":39,"gamma_beasts:skinno_spawn_spawn_egg":1,"create:encased_chain_drive":25,"minecraft:cooked_beef":9,"create:cut_diorite":9,"minecraft:iron_leggings":1,"create:gearshift":15,"minecraft:cooked_mutton":3,"minecraft:water_bucket":322,"toughasnails:leaf_leggings":1,"jeg:combat_rifle":85,"minecraft:glass_bottle":14,"jeg:infantry_rifle":15,"minecraft:spruce_fence_gate":3,"create:framed_glass_trapdoor":1,"minecraft:tnt":2,"minecraft:crafting_table":10,"minecraft:campfire":26,"minecraft:white_bed":3,"minecraft:dark_oak_door":1,"minecraft:mud":1,"minecraft:black_wool":7,"create:andesite_ladder":2,"untamedwilds:king_crab_spawn_egg":1,"minecraft:iron_pickaxe":362,"toughasnails:leaf_chestplate":1,"jeg:scrap_workbench":5,"minecraft:stone_axe":94,"minecraft:cobblestone":926,"minecraft:potion":17,"toughasnails:purified_water_bottle":3,"minecraft:cooked_porkchop":5,"toughasnails:purified_water_canteen":22,"minecraft:bucket":2,"create:redstone_link":3},"minecraft:mined":{"gamma_beasts:roble_hoja_1":1,"minecraft:white_bed":1,"minecraft:grass_block":51,"minecraft:glowstone":14,"minecraft:iron_ore":37,"minecraft:fire":10,"minecraft:azalea_leaves":5,"create:veridium":13,"minecraft:spruce_slab":3,"minecraft:soul_fire":1,"minecraft:torch":3,"minecraft:chest":1,"minecraft:cobblestone":10,"minecraft:sugar_cane":8,"minecraft:oak_planks":1,"minecraft:wall_torch":14,"minecraft:mud":1,"minecraft:birch_log":20,"minecraft:lilac":1,"minecraft:grass":12,"minecraft:oak_log":24,"minecraft:sand":47,"minecraft:dirt":27,"create:zinc_ore":26,"minecraft:deepslate_diamond_ore":2,"minecraft:dark_oak_log":1,"gamma_beasts:roblo_hoja":5,"minecraft:spruce_leaves":6,"minecraft:large_fern":1,"minecraft:redstone_ore":6,"minecraft:furnace":3,"gamma_beasts:prehnite_ore":4,"minecraft:andesite":15,"minecraft:deepslate_iron_ore":6,"minecraft:stone":131,"jeg:scrap_ore":41,"minecraft:glass_pane":2,"minecraft:crafting_table":5,"minecraft:cornflower":3,"minecraft:emerald_ore":1,"minecraft:campfire":2,"minecraft:tall_grass":2,"minecraft:copper_ore":20,"minecraft:lapis_ore":3,"jeg:deepslate_scrap_ore":1,"create:schematic_table":1,"minecraft:spruce_log":7,"minecraft:birch_leaves":1,"minecraft:coal_ore":77,"minecraft:gold_ore":12},"minecraft:custom":{"minecraft:interact_with_crafting_table":36,"minecraft:leave_game":5,"minecraft:time_since_death":21441,"minecraft:sprint_one_cm":398879,"minecraft:damage_blocked_by_shield":325,"minecraft:drop":55,"minecraft:play_time":348549,"minecraft:deaths":14,"minecraft:jump":3685,"minecraft:walk_on_water_one_cm":95846,"minecraft:interact_with_furnace":57,"minecraft:sleep_in_bed":5,"minecraft:damage_dealt":11752,"minecraft:player_kills":9,"minecraft:crouch_one_cm":25951,"minecraft:horse_one_cm":60,"minecraft:mob_kills":102,"minecraft:climb_one_cm":15914,"minecraft:walk_one_cm":510092,"minecraft:sneak_time":12663,"minecraft:walk_under_water_one_cm":144573,"minecraft:boat_one_cm":80505,"minecraft:interact_with_blast_furnace":17,"minecraft:total_world_time":348549,"minecraft:time_since_rest":21467,"minecraft:damage_taken":52947,"minecraft:damage_absorbed":30,"minecraft:swim_one_cm":39274,"minecraft:fly_one_cm":1690268,"minecraft:open_chest":84,"minecraft:fall_one_cm":108175},"minecraft:dropped":{"minecraft:birch_planks":64,"minecraft:glass_bottle":4,"minecraft:dark_oak_slab":6,"minecraft:cod":1,"minecraft:dirt":4,"minecraft:sugar":6,"minecraft:iron_pickaxe":2,"minecraft:white_wool":1,"minecraft:bone":6,"minecraft:rotten_flesh":1,"jeg:double_barrel_shotgun":1,"jeg:revolver":1,"minecraft:spruce_slab":1,"minecraft:arrow":4,"minecraft:wheat_seeds":5,"minecraft:lilac":1,"minecraft:cobblestone":5,"minecraft:apple":1,"minecraft:stick":2,"minecraft:wooden_axe":3,"toughasnails:empty_canteen":3,"create:schematic_table":1,"minecraft:stone_shovel":1,"minecraft:iron_boots":2,"minecraft:diamond_pickaxe":1,"minecraft:wooden_pickaxe":3},"minecraft:killed_by":{"minecraft:creeper":1,"minecraft:player":1,"gamma_beasts:dogishi_a":1,"minecraft:skeleton":1},"minecraft:broken":{"minecraft:stone_axe":1,"toughasnails:water_canteen":1,"toughasnails:purified_water_canteen":2},"minecraft:killed":{"minecraft:spider":11,"minecraft:skeleton":14,"untamedwilds:giant_salamander":1,"gamma_beasts:skinno_spawn":1,"jeg:ghoul":3,"minecraft:pig":5,"minecraft:creeper":5,"untamedwilds:bear":1,"minecraft:sheep":8,"untamedwilds:tortoise":1,"minecraft:zombie":31,"untamedwilds:bison":3,"gamma_beasts:dogishi_a":1,"untamedwilds:snake":1,"minecraft:cow":5,"mca:female_zombie_villager":1,"minecraft:slime":1,"minecraft:llama":1,"untamedwilds:terror_bird":1,"untamedwilds:king_crab":1,"untamedwilds:big_cat":3},"minecraft:crafted":{"minecraft:oak_planks":44,"minecraft:cooked_mutton":5,"minecraft:glass":5,"minecraft:chest":2,"minecraft:glass_bottle":6,"minecraft:cooked_porkchop":5,"minecraft:crafting_table":2,"minecraft:spruce_planks":28,"minecraft:wooden_pickaxe":1,"minecraft:copper_ingot":32,"minecraft:birch_planks":80,"minecraft:dark_oak_slab":6,"minecraft:stick":24,"minecraft:iron_ingot":42,"minecraft:iron_pickaxe":2,"minecraft:gold_ingot":11,"toughasnails:empty_canteen":1,"minecraft:stone_shovel":1,"gamma_beasts:book":1,"jeg:gunmetal_grit":48,"minecraft:furnace":2,"jeg:scrap_workbench":1,"minecraft:iron_axe":1,"minecraft:spruce_slab":6,"minecraft:stone_pickaxe":1,"minecraft:dark_oak_planks":8,"minecraft:coal_block":7,"minecraft:bucket":2,"minecraft:stone_axe":1,"minecraft:air":0,"jeg:scrap_block":1,"minecraft:oak_boat":1,"create:zinc_block":1,"minecraft:wooden_axe":1,"minecraft:white_bed":1,"minecraft:torch":8,"create:zinc_ingot":11},"minecraft:picked_up":{"minecraft:wooden_axe":2,"minecraft:iron_chestplate":1,"minecraft:redstone_block":1,"gamma_beasts:fur":3,"untamedwilds:hide_ashen":4,"minecraft:potion":1,"minecraft:enchanted_book":1,"minecraft:golden_sword":1,"minecraft:string":22,"minecraft:raw_copper":61,"minecraft:iron_leggings":1,"jeg:revolver":3,"minecraft:bucket":1,"minecraft:spruce_planks":20,"minecraft:iron_pickaxe":11,"minecraft:coal_block":28,"minecraft:iron_boots":2,"minecraft:furnace":13,"minecraft:stick":13,"jeg:pistol_ammo":28,"minecraft:torch":62,"minecraft:porkchop":5,"minecraft:rotten_flesh":77,"gamma_beasts:coal_nugget":146,"create:veridium":13,"minecraft:cod":1,"create:linked_controller":1,"minecraft:cobblestone":498,"minecraft:birch_log":20,"minecraft:cooked_beef":15,"minecraft:lilac":1,"minecraft:water_bucket":7,"minecraft:andesite":15,"gamma_beasts:prehnite":4,"create:cut_diorite_slab":5,"create:raw_zinc":86,"gamma_beasts:oak_leaf":2,"jeg:scrap":279,"minecraft:lapis_lazuli":20,"minecraft:dirt":110,"minecraft:glass":10,"minecraft:bone":59,"minecraft:bow":2,"minecraft:wheat_seeds":8,"minecraft:raw_gold":12,"untamedwilds:hide_tan":9,"minecraft:glowstone_dust":39,"minecraft:oak_planks":9,"toughasnails:purified_water_canteen":1,"minecraft:cooked_porkchop":15,"minecraft:sand":273,"minecraft:dark_oak_log":1,"minecraft:sugar":6,"toughasnails:water_canteen":1,"minecraft:diamond":11,"minecraft:writable_book":1,"minecraft:bone_meal":1,"minecraft:bread":7,"minecraft:emerald":6,"create:white_sail":1,"minecraft:diamond_pickaxe":1,"create:cut_calcite":3,"minecraft:mud":1,"minecraft:charcoal":4,"minecraft:crafting_table":8,"minecraft:wooden_pickaxe":2,"create:schematic_table":1,"minecraft:shield":1,"minecraft:cornflower":1,"minecraft:moss_carpet":1,"untamedwilds:food_bear_raw":10,"minecraft:iron_axe":3,"minecraft:flint_and_steel":2,"create:redstone_link":2,"minecraft:beef":17,"minecraft:oak_boat":1,"minecraft:spruce_slab":33,"minecraft:lectern":1,"minecraft:sugar_cane":18,"minecraft:chest":1,"create:cut_diorite":4,"minecraft:egg":1,"create:cut_diorite_stairs":3,"minecraft:dark_oak_sapling":3,"minecraft:raw_iron":50,"minecraft:copper_ingot":12,"minecraft:redstone":28,"toughasnails:empty_canteen":1,"minecraft:arrow":15,"minecraft:stone_shovel":7,"minecraft:pink_tulip":1,"create:zinc_block":5,"minecraft:gold_ingot":13,"minecraft:mutton":16,"minecraft:white_wool":5,"minecraft:bone_block":1,"minecraft:clock":2,"minecraft:leather":22,"minecraft:birch_planks":64,"gamma_beasts:green_apple":49,"minecraft:oak_log":134,"minecraft:golden_boots":3,"minecraft:gunpowder":8,"mca:book_romance":1,"minecraft:cooked_mutton":12,"minecraft:apple":2,"untamedwilds:material_fat":4,"gamma_beasts:book":1,"create:analog_lever":3,"minecraft:iron_ingot":42,"minecraft:stone_pickaxe":4,"minecraft:glass_bottle":7,"jeg:double_barrel_shotgun":1,"jeg:tech_trash":12,"minecraft:iron_sword":2,"create:black_seat":1,"minecraft:book":8,"minecraft:white_bed":3,"minecraft:spruce_log":7,"minecraft:spider_eye":8,"create:creative_motor":1,"minecraft:slime_ball":3,"minecraft:campfire":10,"minecraft:stone_axe":6,"minecraft:iron_helmet":1,"gamma_beasts:salmon_steak":2,"minecraft:coal":117,"create:andesite_ladder":2}},"DataVersion":3465}