{"stats":{"minecraft:used":{"minecraft:oak_fence":129,"minecraft:moss_carpet":1,"toughasnails:leaf_helmet":1,"minecraft:writable_book":1,"minecraft:flint_and_steel":1,"toughasnails:water_purifier":1,"create:schematic_table":1,"minecraft:spruce_slab":594,"minecraft:stone_shovel":93,"minecraft:chest":29,"minecraft:ladder":3,"minecraft:spruce_planks":269,"minecraft:oak_sign":1,"jeg:service_rifle":14,"gamma_beasts:green_apple":1,"jeg:schematic_station":1,"minecraft:iron_sword":75,"minecraft:shield":14,"minecraft:stone":15,"jeg:holy_shotgun":4,"toughasnails:leaf_boots":1,"minecraft:cooked_chicken":5,"minecraft:netherrack":126,"minecraft:spruce_leaves":4,"minecraft:torch":30,"minecraft:dirt":136,"jeg:soulhunter_mk2":15,"jeg:gunnite_workbench":3,"create:white_sail":50,"toughasnails:empty_canteen":2,"jeg:blueprint_workbench":2,"minecraft:spruce_fence":43,"minecraft:oak_fence_gate":1,"minecraft:dark_oak_planks":1,"minecraft:glass":2,"minecraft:wooden_axe":12,"minecraft:lava_bucket":12,"create:gearbox":8,"minecraft:iron_axe":70,"minecraft:iron_helmet":1,"gamma_beasts:skinno_spawn_spawn_egg":1,"minecraft:golden_sword":32,"minecraft:furnace":9,"jeg:revolver":450,"minecraft:egg":1,"minecraft:cooked_beef":9,"minecraft:cooked_mutton":3,"minecraft:water_bucket":66,"toughasnails:leaf_leggings":1,"jeg:combat_rifle":74,"minecraft:birch_leaves":6,"minecraft:glass_bottle":14,"minecraft:stone_pickaxe":63,"minecraft:oak_planks":3,"minecraft:sugar_cane":3,"minecraft:wooden_pickaxe":10,"minecraft:spruce_fence_gate":3,"jeg:infantry_rifle":15,"toughasnails:water_canteen":31,"minecraft:white_wool":1,"minecraft:golden_apple":1,"jeg:gunmetal_workbench":3,"minecraft:sand":4,"minecraft:crafting_table":10,"minecraft:blast_furnace":6,"minecraft:white_bed":3,"minecraft:campfire":26,"jeg:recycler":1,"minecraft:mud":1,"minecraft:black_wool":4,"minecraft:iron_pickaxe":362,"untamedwilds:king_crab_spawn_egg":1,"minecraft:lectern":3,"toughasnails:leaf_chestplate":1,"jeg:scrap_workbench":5,"minecraft:stone_axe":94,"minecraft:potion":17,"minecraft:cobblestone":564,"toughasnails:purified_water_bottle":3,"minecraft:cooked_porkchop":5,"minecraft:andesite":9,"toughasnails:purified_water_canteen":22,"minecraft:bucket":2,"minecraft:oak_boat":2,"minecraft:air":2,"jeg:molotov_cocktail":1},"minecraft:mined":{"create:zinc_ore":26,"minecraft:white_bed":1,"gamma_beasts:roble_hoja_1":1,"minecraft:deepslate_diamond_ore":2,"minecraft:dark_oak_log":1,"gamma_beasts:roblo_hoja":5,"minecraft:grass_block":51,"minecraft:spruce_leaves":6,"minecraft:large_fern":1,"minecraft:redstone_ore":6,"minecraft:glowstone":14,"minecraft:furnace":3,"minecraft:iron_ore":37,"minecraft:fire":10,"gamma_beasts:prehnite_ore":4,"minecraft:andesite":15,"minecraft:deepslate_iron_ore":6,"minecraft:azalea_leaves":5,"minecraft:stone":131,"create:veridium":13,"minecraft:spruce_slab":3,"minecraft:glass_pane":2,"jeg:scrap_ore":41,"minecraft:soul_fire":1,"minecraft:cornflower":3,"minecraft:crafting_table":5,"minecraft:torch":3,"minecraft:emerald_ore":1,"minecraft:chest":1,"minecraft:campfire":2,"minecraft:copper_ore":20,"minecraft:tall_grass":2,"minecraft:cobblestone":10,"minecraft:lapis_ore":3,"minecraft:oak_planks":1,"minecraft:sugar_cane":8,"minecraft:wall_torch":14,"jeg:deepslate_scrap_ore":1,"minecraft:mud":1,"minecraft:birch_log":20,"minecraft:lilac":1,"minecraft:spruce_log":7,"minecraft:birch_leaves":1,"minecraft:grass":12,"minecraft:coal_ore":77,"minecraft:oak_log":24,"minecraft:sand":47,"minecraft:dirt":27,"minecraft:gold_ore":12},"minecraft:dropped":{"minecraft:birch_planks":64,"minecraft:wheat_seeds":5,"minecraft:lilac":1,"minecraft:glass_bottle":4,"minecraft:dark_oak_slab":6,"minecraft:cobblestone":5,"minecraft:apple":1,"minecraft:cod":1,"minecraft:stick":2,"minecraft:dirt":4,"minecraft:wooden_axe":3,"minecraft:sugar":6,"minecraft:iron_pickaxe":2,"minecraft:white_wool":1,"minecraft:bone":6,"toughasnails:empty_canteen":3,"minecraft:stone_shovel":1,"minecraft:rotten_flesh":1,"jeg:double_barrel_shotgun":1,"minecraft:iron_boots":1,"jeg:revolver":1,"minecraft:spruce_slab":1,"minecraft:arrow":4,"minecraft:wooden_pickaxe":3},"minecraft:custom":{"minecraft:mob_kills":102,"minecraft:interact_with_crafting_table":36,"minecraft:leave_game":4,"minecraft:time_since_death":1729,"minecraft:climb_one_cm":12619,"minecraft:sprint_one_cm":381472,"minecraft:walk_one_cm":451773,"minecraft:damage_blocked_by_shield":325,"minecraft:drop":52,"minecraft:play_time":295856,"minecraft:sneak_time":9773,"minecraft:deaths":13,"minecraft:walk_under_water_one_cm":118355,"minecraft:boat_one_cm":80505,"minecraft:jump":3474,"minecraft:interact_with_blast_furnace":17,"minecraft:walk_on_water_one_cm":49232,"minecraft:total_world_time":295856,"minecraft:interact_with_furnace":57,"minecraft:sleep_in_bed":5,"minecraft:time_since_rest":1795,"minecraft:damage_absorbed":30,"minecraft:damage_taken":52822,"minecraft:damage_dealt":11748,"minecraft:player_kills":7,"minecraft:swim_one_cm":39274,"minecraft:fly_one_cm":1579648,"minecraft:open_chest":77,"minecraft:crouch_one_cm":22288,"minecraft:fall_one_cm":104449,"minecraft:horse_one_cm":60},"minecraft:killed_by":{"minecraft:player":1,"minecraft:creeper":1,"gamma_beasts:dogishi_a":1,"minecraft:skeleton":1},"minecraft:broken":{"toughasnails:water_canteen":1,"minecraft:stone_axe":1,"toughasnails:purified_water_canteen":2},"minecraft:killed":{"mca:female_zombie_villager":1,"minecraft:spider":11,"minecraft:slime":1,"minecraft:skeleton":14,"minecraft:llama":1,"untamedwilds:giant_salamander":1,"gamma_beasts:skinno_spawn":1,"jeg:ghoul":3,"minecraft:pig":5,"untamedwilds:terror_bird":1,"untamedwilds:king_crab":1,"minecraft:creeper":5,"untamedwilds:big_cat":3,"minecraft:sheep":8,"untamedwilds:bear":1,"untamedwilds:tortoise":1,"minecraft:zombie":31,"untamedwilds:bison":3,"gamma_beasts:dogishi_a":1,"untamedwilds:snake":1,"minecraft:cow":5},"minecraft:crafted":{"minecraft:oak_planks":44,"minecraft:stone_shovel":1,"gamma_beasts:book":1,"jeg:gunmetal_grit":48,"minecraft:furnace":2,"minecraft:cooked_mutton":5,"minecraft:glass":5,"jeg:scrap_workbench":1,"minecraft:iron_axe":1,"minecraft:spruce_slab":6,"minecraft:stone_pickaxe":1,"minecraft:chest":2,"minecraft:dark_oak_planks":8,"minecraft:coal_block":7,"minecraft:glass_bottle":6,"minecraft:cooked_porkchop":5,"minecraft:crafting_table":2,"minecraft:spruce_planks":28,"minecraft:wooden_pickaxe":1,"minecraft:copper_ingot":32,"minecraft:bucket":2,"minecraft:birch_planks":80,"minecraft:stone_axe":1,"minecraft:air":0,"jeg:scrap_block":1,"minecraft:oak_boat":1,"minecraft:dark_oak_slab":6,"minecraft:stick":24,"minecraft:iron_ingot":42,"minecraft:iron_pickaxe":2,"minecraft:wooden_axe":1,"create:zinc_block":1,"minecraft:gold_ingot":11,"minecraft:white_bed":1,"minecraft:torch":8,"create:zinc_ingot":11,"toughasnails:empty_canteen":1},"minecraft:picked_up":{"minecraft:wooden_axe":2,"minecraft:mud":1,"minecraft:charcoal":4,"minecraft:iron_chestplate":1,"minecraft:crafting_table":8,"gamma_beasts:fur":3,"minecraft:wooden_pickaxe":2,"untamedwilds:hide_ashen":4,"minecraft:potion":1,"minecraft:shield":1,"minecraft:golden_sword":1,"minecraft:cornflower":1,"minecraft:string":22,"minecraft:moss_carpet":1,"untamedwilds:food_bear_raw":10,"minecraft:raw_copper":61,"minecraft:iron_axe":3,"minecraft:flint_and_steel":2,"minecraft:iron_leggings":1,"jeg:revolver":3,"minecraft:bucket":1,"minecraft:spruce_planks":20,"minecraft:beef":17,"minecraft:oak_boat":1,"minecraft:iron_pickaxe":11,"minecraft:spruce_slab":33,"minecraft:coal_block":28,"minecraft:sugar_cane":18,"minecraft:chest":1,"minecraft:egg":1,"minecraft:iron_boots":1,"minecraft:furnace":13,"minecraft:dark_oak_sapling":3,"minecraft:stick":13,"minecraft:raw_iron":50,"jeg:pistol_ammo":28,"minecraft:copper_ingot":12,"minecraft:torch":61,"minecraft:porkchop":5,"minecraft:redstone":28,"toughasnails:empty_canteen":1,"minecraft:arrow":15,"minecraft:stone_shovel":7,"minecraft:rotten_flesh":77,"create:veridium":13,"minecraft:pink_tulip":1,"create:zinc_block":5,"gamma_beasts:coal_nugget":146,"minecraft:gold_ingot":13,"minecraft:mutton":16,"minecraft:bone_block":1,"minecraft:cod":1,"minecraft:white_wool":5,"minecraft:cobblestone":498,"minecraft:birch_log":20,"minecraft:cooked_beef":15,"minecraft:clock":2,"minecraft:lilac":1,"minecraft:water_bucket":6,"minecraft:andesite":15,"minecraft:leather":22,"gamma_beasts:prehnite":4,"minecraft:birch_planks":64,"minecraft:oak_log":134,"create:raw_zinc":86,"gamma_beasts:green_apple":49,"gamma_beasts:oak_leaf":2,"jeg:scrap":279,"minecraft:golden_boots":3,"minecraft:gunpowder":8,"mca:book_romance":1,"minecraft:lapis_lazuli":20,"minecraft:dirt":94,"minecraft:cooked_mutton":12,"minecraft:glass":10,"minecraft:bone":59,"minecraft:apple":2,"untamedwilds:material_fat":4,"minecraft:bow":2,"minecraft:wheat_seeds":8,"minecraft:raw_gold":12,"gamma_beasts:book":1,"minecraft:iron_ingot":42,"minecraft:stone_pickaxe":4,"untamedwilds:hide_tan":9,"minecraft:glass_bottle":7,"minecraft:glowstone_dust":39,"jeg:double_barrel_shotgun":1,"minecraft:iron_sword":2,"minecraft:oak_planks":9,"jeg:tech_trash":12,"minecraft:book":8,"toughasnails:purified_water_canteen":1,"minecraft:cooked_porkchop":15,"minecraft:sand":273,"minecraft:white_bed":3,"minecraft:spruce_log":7,"minecraft:dark_oak_log":1,"minecraft:spider_eye":8,"toughasnails:water_canteen":1,"minecraft:sugar":6,"minecraft:slime_ball":3,"minecraft:campfire":10,"minecraft:diamond":11,"minecraft:stone_axe":6,"minecraft:writable_book":1,"minecraft:iron_helmet":1,"minecraft:bone_meal":1,"minecraft:emerald":6,"gamma_beasts:salmon_steak":2,"minecraft:coal":117}},"DataVersion":3465}