{"stats":{"minecraft:used":{"minecraft:oak_log":1,"minecraft:wooden_axe":10,"minecraft:stone_sword":23,"minecraft:stone_pickaxe":10,"psychadelic:blue_lotus_joint":2,"minecraft:wooden_pickaxe":4,"psychadelic:alcohol_95":1,"psychadelic:joint":1,"psychadelic:dxm":1,"minecraft:stone_axe":3,"psychadelic:cigarette":1,"minecraft:crafting_table":2,"minecraft:mangrove_roots":2,"psychadelic:mdmapill":1},"minecraft:mined":{"minecraft:mangrove_roots":6,"minecraft:crafting_table":2,"minecraft:grass":3,"minecraft:grass_block":6,"minecraft:coal_ore":1,"minecraft:oak_log":11,"minecraft:flowering_azalea_leaves":1,"minecraft:azalea_leaves":4,"minecraft:spruce_leaves":7,"minecraft:white_tulip":1,"minecraft:stone":12,"minecraft:oak_leaves":2},"minecraft:dropped":{"minecraft:mangrove_roots":3,"psychadelic:tobacco":1,"minecraft:cobblestone":1,"minecraft:wooden_pickaxe":1},"minecraft:custom":{"minecraft:time_since_rest":823,"minecraft:sprint_one_cm":23993,"minecraft:damage_taken":220,"minecraft:walk_one_cm":35050,"minecraft:mob_kills":6,"minecraft:drop":4,"minecraft:damage_dealt":983,"minecraft:player_kills":1,"minecraft:interact_with_crafting_table":4,"minecraft:fly_one_cm":43102,"minecraft:deaths":1,"minecraft:crouch_one_cm":4368,"minecraft:play_time":13069,"minecraft:sneak_time":879,"minecraft:jump":332,"minecraft:walk_on_water_one_cm":2030,"minecraft:time_since_death":793,"minecraft:climb_one_cm":60,"minecraft:total_world_time":13069,"minecraft:fall_one_cm":10299,"minecraft:horse_one_cm":28},"minecraft:killed_by":{"minecraft:player":1},"minecraft:killed":{"minecraft:sheep":2,"minecraft:skeleton":1,"minecraft:spider":1,"minecraft:creeper":1},"minecraft:crafted":{"minecraft:oak_planks":40,"minecraft:crafting_table":1,"minecraft:stick":12,"minecraft:wooden_pickaxe":1,"minecraft:stone_pickaxe":1,"minecraft:wooden_axe":1,"minecraft:stone_sword":1,"minecraft:stone_axe":1},"minecraft:picked_up":{"psychadelic:cigarette":1,"minecraft:stick":3,"minecraft:crafting_table":3,"psychadelic:dxm":1,"minecraft:oak_log":11,"psychadelic:blue_lotus_joint":2,"minecraft:stone_sword":1,"minecraft:dirt":5,"minecraft:string":4,"psychadelic:alcohol_95":1,"minecraft:arrow":4,"minecraft:bone":4,"psychadelic:mdmapill":1,"minecraft:stone_axe":1,"psychadelic:tobacco":3,"psychadelic:joint":1,"psychadelic:wet_cannabis_flower":2,"minecraft:stone_pickaxe":1,"gamma_beasts:coal_nugget":2,"minecraft:mangrove_roots":5,"minecraft:oak_planks":24,"psychadelic:chemistrybook":1,"minecraft:mutton":4,"minecraft:coal":2,"minecraft:flowering_azalea":2,"minecraft:white_wool":4,"minecraft:cobblestone":15}},"DataVersion":3465}