{"stats":{"minecraft:used":{"minecraft:moss_block":9,"minecraft:stone_sword":35,"minecraft:stone_pickaxe":20,"minecraft:wooden_pickaxe":4,"psychadelic:joint":1,"minecraft:mutton":2,"minecraft:crafting_table":3,"minecraft:white_bed":1,"minecraft:oak_log":1,"minecraft:wooden_axe":10,"minecraft:iron_axe":1,"psychadelic:blue_lotus_joint":2,"psychadelic:alcohol_95":1,"psychadelic:dxm":1,"jeg:double_barrel_shotgun":9,"minecraft:stone_axe":8,"psychadelic:cigarette":1,"minecraft:mangrove_roots":2,"psychadelic:mdmapill":1,"minecraft:cooked_beef":2},"minecraft:mined":{"minecraft:mangrove_roots":6,"minecraft:dandelion":1,"minecraft:crafting_table":2,"minecraft:grass_block":6,"minecraft:spruce_leaves":11,"minecraft:moss_block":10,"minecraft:spruce_log":2,"minecraft:red_tulip":1,"minecraft:grass":3,"minecraft:pointed_dripstone":1,"minecraft:oak_log":12,"minecraft:coal_ore":7,"minecraft:flowering_azalea_leaves":1,"minecraft:azalea_leaves":4,"minecraft:stone":12,"minecraft:white_tulip":1,"minecraft:oak_leaves":7},"minecraft:dropped":{"minecraft:mangrove_roots":3,"psychadelic:cigarette":12,"minecraft:cobblestone":1,"jeg:double_barrel_shotgun":1,"psychadelic:tobacco":1,"minecraft:wooden_pickaxe":1},"minecraft:custom":{"minecraft:mob_kills":12,"minecraft:interact_with_crafting_table":5,"minecraft:time_since_death":30793,"minecraft:sleep_in_bed":1,"minecraft:climb_one_cm":93,"minecraft:time_since_rest":15584,"minecraft:sprint_one_cm":57524,"minecraft:damage_taken":396,"minecraft:walk_one_cm":99516,"minecraft:drop":11,"minecraft:damage_dealt":1475,"minecraft:fly_one_cm":88618,"minecraft:player_kills":1,"minecraft:open_chest":4,"minecraft:crouch_one_cm":8336,"minecraft:play_time":43069,"minecraft:deaths":1,"minecraft:sneak_time":1886,"minecraft:jump":738,"minecraft:walk_on_water_one_cm":2030,"minecraft:total_world_time":43069,"minecraft:fall_one_cm":19237,"minecraft:horse_one_cm":28},"minecraft:killed_by":{"minecraft:player":1},"minecraft:killed":{"minecraft:spider":1,"minecraft:creeper":1,"minecraft:sheep":3,"minecraft:skeleton":1,"minecraft:zombie":4,"minecraft:enderman":1},"minecraft:crafted":{"minecraft:oak_planks":40,"minecraft:crafting_table":1,"minecraft:wooden_pickaxe":1,"minecraft:stone_axe":1,"minecraft:stick":12,"minecraft:white_bed":1,"minecraft:stone_pickaxe":1,"minecraft:wooden_axe":1,"minecraft:stone_sword":1},"minecraft:picked_up":{"psychadelic:cigarette":20,"minecraft:iron_chestplate":1,"minecraft:crafting_table":3,"minecraft:cooked_beef":16,"minecraft:oak_log":12,"minecraft:string":4,"minecraft:dirt":5,"minecraft:iron_axe":1,"minecraft:iron_leggings":1,"minecraft:bone":4,"psychadelic:joint":1,"psychadelic:tobacco":3,"minecraft:stone_pickaxe":1,"minecraft:iron_pickaxe":1,"jeg:double_barrel_shotgun":2,"minecraft:moss_block":10,"minecraft:oak_planks":24,"minecraft:flowering_azalea":2,"minecraft:iron_boots":1,"minecraft:stick":11,"psychadelic:dxm":1,"minecraft:dandelion":2,"minecraft:spruce_sapling":1,"minecraft:pointed_dripstone":1,"psychadelic:blue_lotus_joint":2,"minecraft:spruce_log":2,"jeg:handmade_shell":16,"psychadelic:alcohol_95":1,"minecraft:stone_sword":1,"minecraft:arrow":4,"minecraft:rotten_flesh":3,"psychadelic:mdmapill":1,"minecraft:stone_axe":1,"minecraft:iron_helmet":1,"psychadelic:wet_cannabis_flower":2,"minecraft:red_tulip":1,"gamma_beasts:coal_nugget":4,"minecraft:mangrove_roots":5,"minecraft:oak_sapling":2,"minecraft:mutton":6,"psychadelic:chemistrybook":1,"minecraft:coal":8,"minecraft:ender_pearl":1,"minecraft:white_wool":5,"minecraft:cobblestone":15}},"DataVersion":3465}