{"stats":{"minecraft:used":{"minecraft:moss_block":1,"minecraft:stone_sword":35,"minecraft:stone_pickaxe":15,"minecraft:wooden_pickaxe":4,"psychadelic:joint":1,"minecraft:mutton":1,"minecraft:crafting_table":2,"minecraft:oak_log":1,"minecraft:wooden_axe":10,"psychadelic:blue_lotus_joint":2,"psychadelic:alcohol_95":1,"psychadelic:dxm":1,"minecraft:stone_axe":8,"psychadelic:cigarette":1,"minecraft:mangrove_roots":2,"psychadelic:mdmapill":1},"minecraft:mined":{"minecraft:mangrove_roots":6,"minecraft:dandelion":1,"minecraft:crafting_table":2,"minecraft:grass_block":6,"minecraft:spruce_leaves":11,"minecraft:moss_block":1,"minecraft:spruce_log":2,"minecraft:grass":3,"minecraft:oak_log":12,"minecraft:coal_ore":5,"minecraft:flowering_azalea_leaves":1,"minecraft:azalea_leaves":4,"minecraft:stone":12,"minecraft:white_tulip":1,"minecraft:oak_leaves":7},"minecraft:dropped":{"minecraft:mangrove_roots":3,"minecraft:cobblestone":1,"jeg:double_barrel_shotgun":1,"psychadelic:tobacco":1,"minecraft:wooden_pickaxe":1},"minecraft:custom":{"minecraft:mob_kills":6,"minecraft:interact_with_crafting_table":4,"minecraft:time_since_death":6793,"minecraft:climb_one_cm":93,"minecraft:time_since_rest":6823,"minecraft:sprint_one_cm":50731,"minecraft:damage_taken":375,"minecraft:walk_one_cm":43861,"minecraft:drop":5,"minecraft:damage_dealt":1381,"minecraft:fly_one_cm":80475,"minecraft:player_kills":1,"minecraft:open_chest":4,"minecraft:crouch_one_cm":6086,"minecraft:play_time":19069,"minecraft:deaths":1,"minecraft:sneak_time":1275,"minecraft:jump":522,"minecraft:walk_on_water_one_cm":2030,"minecraft:total_world_time":19069,"minecraft:fall_one_cm":16553,"minecraft:horse_one_cm":28},"minecraft:killed_by":{"minecraft:player":1},"minecraft:killed":{"minecraft:spider":1,"minecraft:creeper":1,"minecraft:sheep":2,"minecraft:skeleton":1},"minecraft:crafted":{"minecraft:oak_planks":40,"minecraft:crafting_table":1,"minecraft:wooden_pickaxe":1,"minecraft:stone_axe":1,"minecraft:stick":12,"minecraft:stone_pickaxe":1,"minecraft:wooden_axe":1,"minecraft:stone_sword":1},"minecraft:picked_up":{"psychadelic:cigarette":1,"minecraft:crafting_table":3,"minecraft:oak_log":12,"minecraft:string":4,"minecraft:dirt":5,"minecraft:bone":4,"psychadelic:joint":1,"psychadelic:tobacco":3,"minecraft:stone_pickaxe":1,"jeg:double_barrel_shotgun":2,"minecraft:moss_block":1,"minecraft:oak_planks":24,"minecraft:flowering_azalea":2,"minecraft:stick":7,"psychadelic:dxm":1,"minecraft:dandelion":2,"minecraft:spruce_sapling":1,"psychadelic:blue_lotus_joint":2,"minecraft:spruce_log":2,"psychadelic:alcohol_95":1,"minecraft:stone_sword":1,"minecraft:arrow":4,"psychadelic:mdmapill":1,"minecraft:stone_axe":1,"psychadelic:wet_cannabis_flower":2,"gamma_beasts:coal_nugget":3,"minecraft:mangrove_roots":5,"minecraft:oak_sapling":2,"minecraft:mutton":4,"psychadelic:chemistrybook":1,"minecraft:coal":6,"minecraft:white_wool":4,"minecraft:cobblestone":15}},"DataVersion":3465}