{"stats":{"minecraft:used":{"minecraft:azalea":1,"minecraft:moss_block":10,"minecraft:stone_sword":35,"minecraft:stone_pickaxe":21,"minecraft:wooden_pickaxe":4,"psychadelic:joint":1,"minecraft:mutton":2,"minecraft:crafting_table":3,"minecraft:white_bed":1,"minecraft:oak_log":1,"minecraft:wooden_axe":10,"minecraft:iron_axe":2,"psychadelic:blue_lotus_joint":2,"psychadelic:alcohol_95":1,"psychadelic:dxm":1,"jeg:double_barrel_shotgun":11,"minecraft:stone_axe":8,"psychadelic:cigarette":1,"minecraft:cobblestone":3,"minecraft:mangrove_roots":2,"psychadelic:mdmapill":1,"minecraft:cooked_beef":2},"minecraft:mined":{"minecraft:mangrove_roots":6,"minecraft:dandelion":1,"minecraft:crafting_table":2,"minecraft:grass_block":6,"minecraft:gray_stained_glass":14,"minecraft:spruce_leaves":11,"minecraft:moss_block":10,"minecraft:spruce_log":2,"minecraft:black_wool":1,"minecraft:red_tulip":1,"minecraft:grass":3,"minecraft:pointed_dripstone":1,"minecraft:oak_log":12,"minecraft:coal_ore":7,"minecraft:flowering_azalea_leaves":1,"minecraft:azalea_leaves":4,"minecraft:stone":12,"minecraft:white_tulip":1,"minecraft:oak_leaves":7},"minecraft:dropped":{"minecraft:mangrove_roots":3,"psychadelic:cigarette":12,"minecraft:cobblestone":1,"jeg:double_barrel_shotgun":1,"psychadelic:tobacco":1,"minecraft:wooden_pickaxe":1},"minecraft:custom":{"minecraft:mob_kills":14,"minecraft:interact_with_crafting_table":5,"minecraft:leave_game":1,"minecraft:time_since_death":4870,"minecraft:sleep_in_bed":1,"minecraft:climb_one_cm":93,"minecraft:time_since_rest":4941,"minecraft:sprint_one_cm":59971,"minecraft:damage_taken":628,"minecraft:walk_one_cm":130283,"minecraft:drop":11,"minecraft:damage_dealt":1484,"minecraft:fly_one_cm":89582,"minecraft:player_kills":1,"minecraft:open_chest":4,"minecraft:crouch_one_cm":8611,"minecraft:play_time":55217,"minecraft:deaths":2,"minecraft:sneak_time":2051,"minecraft:walk_under_water_one_cm":206,"minecraft:jump":820,"minecraft:walk_on_water_one_cm":2194,"minecraft:total_world_time":55217,"minecraft:fall_one_cm":21661,"minecraft:horse_one_cm":28},"minecraft:killed_by":{"minecraft:player":2},"minecraft:killed":{"minecraft:spider":1,"minecraft:creeper":1,"minecraft:sheep":3,"minecraft:skeleton":2,"minecraft:zombie":5,"minecraft:enderman":1},"minecraft:crafted":{"minecraft:oak_planks":40,"minecraft:crafting_table":1,"minecraft:wooden_pickaxe":1,"minecraft:stone_axe":1,"minecraft:stick":12,"minecraft:white_bed":1,"minecraft:stone_pickaxe":1,"minecraft:wooden_axe":1,"minecraft:stone_sword":1},"minecraft:picked_up":{"psychadelic:cigarette":27,"minecraft:iron_chestplate":2,"minecraft:crafting_table":3,"minecraft:cooked_beef":30,"minecraft:oak_log":14,"minecraft:string":6,"minecraft:dirt":5,"minecraft:iron_axe":2,"minecraft:iron_leggings":2,"minecraft:bone":7,"psychadelic:joint":1,"psychadelic:tobacco":4,"minecraft:stone_pickaxe":2,"minecraft:azalea":1,"minecraft:iron_pickaxe":2,"jeg:double_barrel_shotgun":3,"minecraft:moss_block":11,"minecraft:oak_planks":45,"minecraft:flowering_azalea":3,"minecraft:iron_boots":2,"minecraft:stick":22,"psychadelic:dxm":1,"minecraft:dandelion":2,"minecraft:spruce_sapling":2,"minecraft:pointed_dripstone":2,"psychadelic:blue_lotus_joint":2,"minecraft:spruce_log":4,"jeg:handmade_shell":23,"psychadelic:alcohol_95":1,"minecraft:stone_sword":2,"minecraft:arrow":6,"minecraft:rotten_flesh":7,"psychadelic:mdmapill":1,"minecraft:stone_axe":2,"minecraft:iron_helmet":2,"psychadelic:wet_cannabis_flower":3,"minecraft:red_tulip":4,"gamma_beasts:coal_nugget":4,"minecraft:mangrove_roots":5,"minecraft:oak_sapling":4,"minecraft:black_wool":1,"minecraft:mutton":8,"psychadelic:chemistrybook":2,"minecraft:coal":15,"minecraft:ender_pearl":1,"minecraft:white_wool":5,"minecraft:cobblestone":18}},"DataVersion":3465}