{"stats":{"minecraft:dropped":{"minecraft:iron_ingot":20,"minecraft:oak_log":1,"untamedwilds:material_fat":5,"minecraft:cobblestone":384,"jeg:scrap":64,"minecraft:copper_ingot":14,"minecraft:sugar":9,"minecraft:raw_copper":39,"minecraft:raw_iron":57,"jeg:revolver":1,"minecraft:gunpowder":3,"toughasnails:purified_water_bottle":1,"untamedwilds:flora_junegrass":2},"minecraft:custom":{"minecraft:mob_kills":15,"minecraft:interact_with_crafting_table":51,"minecraft:interact_with_campfire":4,"minecraft:leave_game":5,"minecraft:time_since_death":17059,"minecraft:climb_one_cm":8017,"minecraft:sprint_one_cm":152879,"minecraft:walk_one_cm":1095223,"minecraft:damage_blocked_by_shield":135,"minecraft:drop":24,"minecraft:play_time":227045,"minecraft:sneak_time":3608,"minecraft:deaths":11,"minecraft:walk_under_water_one_cm":5759,"minecraft:jump":1775,"minecraft:walk_on_water_one_cm":12617,"minecraft:total_world_time":227045,"minecraft:interact_with_furnace":57,"minecraft:interact_with_stonecutter":6,"minecraft:sleep_in_bed":3,"minecraft:time_since_rest":17117,"minecraft:damage_taken":3261,"minecraft:damage_dealt":1866,"minecraft:swim_one_cm":15603,"minecraft:fly_one_cm":57768,"minecraft:open_chest":54,"minecraft:crouch_one_cm":8361,"minecraft:fall_one_cm":28343,"minecraft:horse_one_cm":615},"minecraft:crafted":{"minecraft:oak_planks":44,"minecraft:stone_shovel":1,"minecraft:furnace":2,"minecraft:stone":27,"minecraft:bone_meal":3,"minecraft:lever":2,"minecraft:glass":5,"minecraft:spruce_stairs":12,"minecraft:iron_boots":1,"jeg:scrap_workbench":1,"minecraft:spruce_slab":60,"minecraft:stone_pickaxe":3,"minecraft:chest":4,"minecraft:stone_hoe":1,"minecraft:cooked_beef":6,"minecraft:crafting_table":1,"minecraft:spruce_planks":256,"minecraft:wooden_pickaxe":2,"minecraft:copper_ingot":14,"minecraft:campfire":2,"minecraft:stone_axe":3,"minecraft:air":0,"jeg:scrap_block":1,"minecraft:iron_chestplate":1,"minecraft:charcoal":9,"toughasnails:water_purifier":1,"minecraft:shield":1,"minecraft:stick":24,"minecraft:iron_ingot":78,"minecraft:iron_pickaxe":2,"minecraft:iron_shovel":1,"minecraft:iron_leggings":1,"minecraft:stonecutter":1,"minecraft:torch":8,"toughasnails:empty_canteen":1},"minecraft:killed_by":{"minecraft:player":3,"minecraft:creeper":1,"minecraft:zombie":1},"minecraft:picked_up":{"minecraft:fishing_rod":3,"minecraft:charcoal":2,"minecraft:crafting_table":3,"minecraft:iron_chestplate":5,"minecraft:wheat":307,"minecraft:allium":1,"gamma_beasts:prehnite_armor_chestplate":1,"minecraft:clay_ball":32,"minecraft:stone_slab":10,"minecraft:wooden_pickaxe":4,"untamedwilds:hide_ashen":2,"minecraft:enchanted_book":1,"minecraft:shield":3,"untamedwilds:food_turtle_cooked":6,"minecraft:cornflower":1,"minecraft:stone_stairs":1,"minecraft:raw_copper":134,"minecraft:large_fern":4,"minecraft:iron_leggings":5,"jeg:revolver":1,"minecraft:cobbled_deepslate":17,"minecraft:bucket":1,"minecraft:spruce_planks":250,"minecraft:beef":13,"minecraft:azalea":8,"minecraft:iron_pickaxe":3,"minecraft:spruce_slab":21,"minecraft:birch_sapling":5,"minecraft:iron_boots":5,"minecraft:furnace":1,"minecraft:stick":64,"minecraft:raw_iron":99,"minecraft:torch":8,"minecraft:spruce_stairs":14,"minecraft:porkchop":6,"minecraft:rotten_flesh":1,"minecraft:arrow":1,"minecraft:stone_shovel":1,"minecraft:pink_tulip":9,"gamma_beasts:coal_nugget":41,"minecraft:white_wool":1,"minecraft:cobblestone":849,"minecraft:birch_log":18,"minecraft:cooked_beef":7,"minecraft:leather":16,"minecraft:fern":4,"minecraft:potato":96,"minecraft:oak_log":90,"jeg:scrap":112,"minecraft:cobblestone_wall":1,"minecraft:gunpowder":3,"mca:book_romance":10,"minecraft:dirt":336,"untamedwilds:flora_junegrass":3,"untamedwilds:food_turtle_raw":6,"minecraft:bone":5,"minecraft:apple":8,"untamedwilds:material_fat":5,"minecraft:wheat_seeds":607,"minecraft:stone_pickaxe":2,"minecraft:iron_ingot":57,"minecraft:glass_bottle":3,"jeg:double_barrel_shotgun":4,"jeg:tech_trash":6,"minecraft:sweet_berries":44,"minecraft:dandelion":2,"minecraft:gravel":17,"minecraft:sand":6,"minecraft:spruce_sapling":73,"minecraft:spruce_log":210,"minecraft:pumpkin_seeds":31,"toughasnails:water_purifier":2,"toughasnails:water_canteen":3,"minecraft:sugar":9,"minecraft:stone_axe":4,"minecraft:iron_helmet":9,"minecraft:emerald":28,"minecraft:bread":15,"minecraft:oak_sapling":32,"psychadelic:chemistrybook":1,"minecraft:coal":118},"minecraft:broken":{"minecraft:stone_pickaxe":2,"minecraft:stone_axe":2,"minecraft:iron_pickaxe":1,"minecraft:stone_shovel":1},"minecraft:mined":{"minecraft:spruce_planks":9,"minecraft:farmland":1,"minecraft:allium":1,"minecraft:grass_block":117,"minecraft:spruce_leaves":16,"minecraft:large_fern":7,"minecraft:spruce_sapling":6,"minecraft:furnace":1,"minecraft:iron_ore":41,"minecraft:vine":1,"minecraft:dirt_path":18,"minecraft:pink_tulip":9,"minecraft:stone":632,"minecraft:white_wool":1,"minecraft:spruce_slab":21,"minecraft:podzol":6,"jeg:scrap_ore":21,"minecraft:dandelion":1,"minecraft:clay":4,"minecraft:crafting_table":3,"minecraft:cornflower":1,"minecraft:stone_slab":9,"minecraft:tall_grass":18,"minecraft:copper_ore":24,"minecraft:cobblestone":9,"minecraft:wall_torch":1,"minecraft:spruce_stairs":14,"minecraft:stone_stairs":1,"minecraft:cobblestone_wall":1,"minecraft:birch_log":18,"minecraft:wheat":111,"minecraft:sweet_berry_bush":7,"minecraft:spruce_log":160,"minecraft:birch_leaves":1,"minecraft:pumpkin_stem":1,"minecraft:grass":50,"minecraft:oak_log":71,"minecraft:coal_ore":55,"minecraft:gravel":12,"minecraft:dirt":98,"minecraft:oak_leaves":5,"minecraft:fern":7},"minecraft:killed":{"minecraft:skeleton":1,"minecraft:pig":2,"untamedwilds:tortoise":5,"minecraft:zombie":1,"untamedwilds:bison":1,"untamedwilds:snake":2,"minecraft:cow":3},"minecraft:used":{"minecraft:iron_shovel":61,"toughasnails:water_purifier":1,"minecraft:stone_shovel":133,"minecraft:spruce_slab":78,"minecraft:chest":4,"minecraft:spruce_planks":80,"minecraft:shield":8,"minecraft:stone":10,"minecraft:stone_hoe":35,"minecraft:iron_chestplate":1,"minecraft:torch":9,"minecraft:dirt":156,"toughasnails:empty_canteen":1,"minecraft:spruce_stairs":24,"minecraft:stone_stairs":7,"minecraft:sweet_berries":11,"minecraft:furnace":2,"untamedwilds:food_turtle_cooked":2,"minecraft:cooked_beef":6,"minecraft:cobbled_deepslate":12,"minecraft:iron_leggings":1,"minecraft:wheat_seeds":132,"minecraft:water_bucket":1,"minecraft:glass_bottle":10,"minecraft:stone_pickaxe":299,"minecraft:oak_planks":9,"minecraft:wooden_pickaxe":37,"psychadelic:chemistrybook":4,"minecraft:stonecutter":1,"toughasnails:water_canteen":4,"minecraft:crafting_table":3,"minecraft:campfire":2,"minecraft:spruce_log":10,"minecraft:oak_log":18,"minecraft:apple":1,"minecraft:iron_pickaxe":477,"minecraft:bread":2,"minecraft:spruce_sapling":24,"minecraft:gravel":5,"minecraft:stone_axe":333,"minecraft:cobblestone":23,"toughasnails:purified_water_bottle":9,"toughasnails:purified_water_canteen":1,"minecraft:bucket":1,"minecraft:bone_meal":3}},"DataVersion":3465}