{"stats":{"minecraft:used":{"minecraft:acacia_log":1,"minecraft:ladder":9,"minecraft:chest":3,"minecraft:iron_sword":141,"minecraft:shield":39,"minecraft:stone":2,"minecraft:cooked_chicken":4,"minecraft:rotten_flesh":8,"minecraft:torch":85,"minecraft:dirt":83,"create:white_sail":18,"create:cogwheel":1,"toughasnails:empty_canteen":4,"minecraft:diamond_helmet":4,"minecraft:tuff":4,"minecraft:wooden_axe":33,"minecraft:iron_axe":153,"minecraft:iron_boots":2,"create:shaft":7,"minecraft:furnace":6,"jeg:revolver":10,"minecraft:cooked_beef":15,"minecraft:cobbled_deepslate":21,"minecraft:cooked_mutton":11,"minecraft:water_bucket":3,"minecraft:glass_bottle":55,"minecraft:stone_pickaxe":100,"minecraft:oak_planks":71,"minecraft:wooden_pickaxe":6,"psychadelic:chemistrybook":3,"minecraft:leather_boots":1,"toughasnails:water_canteen":89,"minecraft:white_wool":3,"minecraft:white_bed":1,"minecraft:oak_slab":17,"minecraft:crafting_table":13,"minecraft:campfire":9,"minecraft:dripstone_block":1,"minecraft:oak_log":2,"minecraft:diamond_pickaxe":293,"minecraft:acacia_door":3,"minecraft:chicken":1,"create:windmill_bearing":3,"minecraft:bread":2,"minecraft:iron_pickaxe":82,"create:water_wheel":1,"minecraft:yellow_wool":1,"jeg:scrap_workbench":2,"minecraft:stone_axe":36,"minecraft:potion":53,"minecraft:cobblestone":77,"minecraft:cooked_porkchop":3,"minecraft:andesite":8,"minecraft:bucket":4,"minecraft:air":2,"minecraft:coarse_dirt":4,"create:large_cogwheel":3},"minecraft:mined":{"create:zinc_ore":17,"jeg:brimstone_ore":3,"create:deepslate_zinc_ore":3,"minecraft:tuff":5,"minecraft:white_bed":1,"untamedwilds:flora_junegrass":1,"minecraft:deepslate_diamond_ore":15,"minecraft:acacia_log":10,"minecraft:grass_block":32,"create:large_cogwheel":2,"minecraft:decorated_pot":1,"minecraft:oxeye_daisy":1,"create:shaft":7,"minecraft:furnace":5,"minecraft:iron_ore":11,"create:white_sail":6,"minecraft:andesite":110,"create:windmill_bearing":2,"minecraft:azure_bluet":2,"create:asurine":1,"minecraft:deepslate_iron_ore":20,"minecraft:dirt_path":1,"minecraft:azalea_leaves":1,"minecraft:stone":99,"minecraft:white_wool":7,"minecraft:oak_slab":17,"create:cogwheel":1,"minecraft:acacia_leaves":1,"jeg:scrap_ore":13,"minecraft:soul_fire":5,"minecraft:dandelion":17,"minecraft:oak_fence":12,"minecraft:crafting_table":9,"minecraft:cornflower":1,"minecraft:torch":1,"minecraft:poppy":2,"create:water_wheel":1,"minecraft:campfire":9,"minecraft:copper_ore":45,"minecraft:tall_grass":25,"minecraft:cobblestone":13,"minecraft:deepslate_gold_ore":12,"minecraft:oak_planks":40,"minecraft:lily_pad":2,"minecraft:sugar_cane":1,"minecraft:wall_torch":2,"jeg:deepslate_scrap_ore":8,"jeg:scrap_workbench":1,"minecraft:coarse_dirt":4,"minecraft:yellow_wool":6,"minecraft:birch_log":5,"minecraft:spruce_log":7,"minecraft:birch_leaves":4,"minecraft:grass":32,"minecraft:coal_ore":48,"minecraft:oak_log":74,"minecraft:dirt":62,"minecraft:sand":11,"minecraft:dripstone_block":6,"minecraft:oak_leaves":3,"minecraft:deepslate":20,"minecraft:fern":4},"minecraft:custom":{"minecraft:mob_kills":58,"minecraft:interact_with_crafting_table":97,"minecraft:interact_with_campfire":24,"minecraft:bell_ring":7,"minecraft:leave_game":11,"minecraft:time_since_death":2380,"minecraft:climb_one_cm":14161,"minecraft:sprint_one_cm":608986,"minecraft:walk_one_cm":391587,"minecraft:damage_blocked_by_shield":1401,"minecraft:drop":78,"minecraft:play_time":294134,"minecraft:sneak_time":22227,"minecraft:deaths":24,"minecraft:walk_under_water_one_cm":50732,"minecraft:jump":6321,"minecraft:walk_on_water_one_cm":106413,"minecraft:total_world_time":294134,"minecraft:interact_with_furnace":44,"minecraft:sleep_in_bed":2,"minecraft:time_since_rest":2431,"minecraft:damage_taken":10857,"minecraft:damage_dealt":9595,"minecraft:player_kills":1,"minecraft:swim_one_cm":78656,"minecraft:fly_one_cm":1228728,"minecraft:open_chest":56,"minecraft:crouch_one_cm":62415,"minecraft:fall_one_cm":261989},"minecraft:dropped":{"psychadelic:chemistrybook":1,"minecraft:iron_sword":1,"minecraft:oak_slab":4,"minecraft:birch_planks":6,"minecraft:wheat_seeds":12,"minecraft:glow_ink_sac":6,"minecraft:glass_bottle":2,"untamedwilds:material_fat":1,"minecraft:diamond":4,"minecraft:dripstone_block":3,"minecraft:feather":6,"minecraft:oak_fence":9,"minecraft:stick":11,"minecraft:dirt":1,"minecraft:torch":4,"minecraft:wooden_axe":1,"minecraft:potion":2,"minecraft:sand":8,"minecraft:string":2,"minecraft:white_wool":2,"minecraft:dandelion":3,"minecraft:bone":14,"minecraft:white_tulip":3,"minecraft:furnace":1,"minecraft:cobbled_deepslate":7,"minecraft:pointed_dripstone":1,"minecraft:rotten_flesh":2,"minecraft:azure_bluet":3,"minecraft:diamond_pickaxe":1,"minecraft:charcoal":1,"minecraft:azalea":4,"minecraft:oak_sapling":1,"minecraft:acacia_sapling":1,"minecraft:spider_eye":1,"minecraft:spruce_log":2,"minecraft:stone_pickaxe":1,"minecraft:wooden_pickaxe":4,"create:water_wheel":1,"minecraft:bell":1,"minecraft:egg":1},"minecraft:killed_by":{"minecraft:player":3,"minecraft:spider":1,"minecraft:iron_golem":1,"minecraft:drowned":1,"untamedwilds:bear":2,"minecraft:skeleton":3,"untamedwilds:big_cat":1},"minecraft:broken":{"toughasnails:water_canteen":3,"minecraft:wooden_axe":1},"minecraft:killed":{"minecraft:spider":4,"minecraft:skeleton":5,"minecraft:chicken":5,"minecraft:drowned":1,"minecraft:pig":1,"untamedwilds:boar":1,"minecraft:creeper":1,"minecraft:sheep":6,"minecraft:zombie":24,"minecraft:cow":10},"minecraft:crafted":{"minecraft:oak_planks":188,"minecraft:leather_boots":1,"create:white_sail":12,"minecraft:furnace":3,"minecraft:stone":4,"mca:bouquet":1,"minecraft:cooked_mutton":7,"minecraft:glass":3,"minecraft:diamond_helmet":1,"minecraft:iron_boots":1,"jeg:scrap_workbench":2,"minecraft:iron_axe":1,"minecraft:ladder":21,"minecraft:stone_pickaxe":1,"minecraft:chest":3,"create:cogwheel":5,"create:windmill_bearing":1,"minecraft:cooked_beef":1,"minecraft:sugar":3,"minecraft:glass_bottle":3,"minecraft:oak_slab":6,"create:andesite_alloy":31,"minecraft:cooked_porkchop":3,"minecraft:crafting_table":6,"minecraft:wooden_pickaxe":1,"minecraft:iron_sword":1,"create:zinc_nugget":63,"minecraft:copper_ingot":44,"minecraft:bucket":1,"minecraft:birch_planks":20,"minecraft:campfire":11,"minecraft:stone_axe":1,"minecraft:air":0,"jeg:scrap_block":2,"minecraft:diamond_pickaxe":1,"create:water_wheel":1,"minecraft:shield":1,"minecraft:stick":140,"minecraft:iron_ingot":28,"minecraft:iron_pickaxe":1,"minecraft:wooden_axe":1,"minecraft:acacia_door":3,"create:large_cogwheel":6,"minecraft:white_bed":1,"create:shaft":16,"minecraft:acacia_planks":20,"minecraft:torch":88,"create:zinc_ingot":19,"toughasnails:empty_canteen":1},"minecraft:picked_up":{"minecraft:wooden_axe":8,"minecraft:charcoal":30,"minecraft:coarse_dirt":4,"minecraft:crafting_table":9,"minecraft:azure_bluet":4,"minecraft:chicken":5,"minecraft:ladder":36,"minecraft:yellow_wool":9,"minecraft:wooden_pickaxe":8,"minecraft:potion":6,"jeg:scrap_workbench":1,"minecraft:brick":6,"minecraft:shield":11,"minecraft:cornflower":1,"minecraft:string":12,"minecraft:raw_copper":505,"minecraft:iron_axe":5,"minecraft:acacia_door":6,"jeg:revolver":9,"create:water_wheel":2,"minecraft:cobbled_deepslate":47,"minecraft:bucket":3,"minecraft:beef":17,"minecraft:white_tulip":3,"minecraft:azalea":5,"minecraft:poppy":1,"minecraft:iron_pickaxe":11,"minecraft:sugar_cane":3,"minecraft:furnace":6,"minecraft:iron_boots":2,"minecraft:egg":11,"minecraft:raw_iron":60,"minecraft:stick":23,"minecraft:stone":1,"jeg:pistol_ammo":12,"minecraft:copper_ingot":96,"minecraft:oak_fence":9,"minecraft:torch":27,"minecraft:acacia_log":18,"minecraft:porkchop":3,"create:windmill_bearing":2,"minecraft:pointed_dripstone":1,"create:zinc_ingot":70,"create:large_cogwheel":14,"minecraft:arrow":38,"minecraft:rotten_flesh":29,"create:asurine":9,"gamma_beasts:coal_nugget":109,"minecraft:mutton":14,"jeg:raw_brimstone":12,"minecraft:white_wool":16,"minecraft:cobblestone":226,"minecraft:oxeye_daisy":1,"minecraft:birch_log":25,"minecraft:feather":6,"minecraft:cooked_beef":49,"minecraft:glow_ink_sac":12,"minecraft:andesite":180,"minecraft:leather":18,"minecraft:birch_planks":48,"minecraft:tuff":8,"create:raw_zinc":127,"minecraft:oak_log":79,"create:andesite_alloy":29,"jeg:scrap":203,"minecraft:gunpowder":20,"mca:book_romance":3,"minecraft:dirt":150,"untamedwilds:flora_junegrass":1,"minecraft:cooked_mutton":10,"minecraft:bone":34,"minecraft:acacia_planks":6,"untamedwilds:material_fat":1,"minecraft:wheat_seeds":12,"minecraft:raw_gold":62,"minecraft:bell":1,"minecraft:iron_ingot":66,"minecraft:stone_pickaxe":19,"minecraft:cooked_chicken":4,"create:shaft":10,"minecraft:diamond_helmet":9,"minecraft:glass_bottle":17,"minecraft:iron_sword":10,"minecraft:oak_planks":170,"minecraft:acacia_sapling":2,"jeg:tech_trash":17,"minecraft:oak_slab":38,"minecraft:cooked_porkchop":3,"create:cogwheel":16,"minecraft:dandelion":19,"minecraft:dripstone_block":13,"minecraft:sand":13,"minecraft:spruce_sapling":4,"minecraft:spruce_log":8,"minecraft:spider_eye":1,"toughasnails:water_canteen":4,"minecraft:diamond":24,"minecraft:stone_axe":2,"minecraft:campfire":8,"create:zinc_nugget":52,"mca:book_infection":1,"minecraft:oak_sapling":1,"minecraft:coal":155,"create:white_sail":6,"minecraft:diamond_pickaxe":10}},"DataVersion":3465}