{"stats":{"minecraft:used":{"minecraft:ladder":9,"minecraft:chest":3,"minecraft:shield":45,"minecraft:stone":3,"minecraft:iron_sword":155,"minecraft:rotten_flesh":8,"create:white_sail":18,"create:cogwheel":1,"minecraft:tuff":4,"create:shaft":7,"minecraft:furnace":6,"jeg:revolver":10,"minecraft:egg":2,"minecraft:stone_pickaxe":102,"minecraft:oak_planks":77,"minecraft:wooden_pickaxe":6,"psychadelic:chemistrybook":3,"toughasnails:water_canteen":157,"minecraft:white_wool":3,"minecraft:dripstone_block":1,"minecraft:acacia_door":3,"minecraft:bread":12,"minecraft:gravel":14,"minecraft:andesite":8,"minecraft:air":2,"minecraft:coarse_dirt":4,"create:large_cogwheel":3,"minecraft:acacia_log":1,"minecraft:flint_and_steel":17,"minecraft:spruce_planks":3,"minecraft:cooked_chicken":6,"minecraft:torch":86,"minecraft:dirt":85,"toughasnails:empty_canteen":6,"minecraft:diamond_helmet":4,"minecraft:wooden_axe":33,"minecraft:bookshelf":1,"minecraft:iron_axe":195,"minecraft:iron_boots":2,"minecraft:cooked_beef":17,"minecraft:cobbled_deepslate":21,"minecraft:wheat_seeds":32,"minecraft:cooked_mutton":11,"minecraft:water_bucket":6,"minecraft:glass_bottle":55,"minecraft:leather_boots":1,"minecraft:oak_slab":17,"minecraft:crafting_table":14,"minecraft:white_bed":1,"minecraft:campfire":11,"minecraft:oak_log":2,"minecraft:diamond_pickaxe":342,"create:windmill_bearing":3,"minecraft:chicken":1,"minecraft:iron_pickaxe":82,"create:water_wheel":2,"minecraft:yellow_wool":1,"jeg:scrap_workbench":3,"minecraft:stone_axe":36,"minecraft:potion":53,"minecraft:cobblestone":114,"minecraft:cooked_porkchop":3,"minecraft:bucket":7},"minecraft:mined":{"create:deepslate_zinc_ore":3,"jeg:brimstone_ore":3,"minecraft:spruce_planks":3,"minecraft:white_bed":1,"minecraft:acacia_log":10,"minecraft:grass_block":34,"minecraft:oxeye_daisy":1,"minecraft:iron_ore":11,"minecraft:fire":2,"minecraft:azure_bluet":2,"create:asurine":1,"minecraft:dirt_path":3,"minecraft:azalea_leaves":1,"create:cogwheel":1,"minecraft:soul_fire":5,"minecraft:torch":1,"minecraft:poppy":2,"minecraft:cobblestone":24,"minecraft:sugar_cane":1,"minecraft:oak_planks":40,"minecraft:wall_torch":2,"minecraft:birch_log":5,"minecraft:yellow_wool":6,"minecraft:wheat":32,"minecraft:grass":46,"minecraft:oak_log":74,"minecraft:sand":11,"minecraft:dirt":64,"minecraft:oak_leaves":17,"minecraft:deepslate":20,"create:zinc_ore":17,"minecraft:tuff":5,"untamedwilds:flora_junegrass":1,"minecraft:deepslate_diamond_ore":15,"create:large_cogwheel":2,"minecraft:decorated_pot":1,"minecraft:large_fern":2,"create:shaft":7,"minecraft:furnace":5,"create:white_sail":6,"minecraft:andesite":110,"create:windmill_bearing":2,"minecraft:bookshelf":1,"minecraft:deepslate_iron_ore":20,"minecraft:stone":136,"minecraft:white_wool":7,"minecraft:oak_slab":17,"minecraft:acacia_leaves":1,"jeg:scrap_ore":13,"minecraft:dandelion":17,"minecraft:oak_fence":12,"minecraft:crafting_table":9,"minecraft:cornflower":1,"create:water_wheel":2,"minecraft:campfire":12,"minecraft:tall_grass":37,"minecraft:copper_ore":45,"minecraft:deepslate_gold_ore":12,"minecraft:lily_pad":2,"jeg:deepslate_scrap_ore":8,"jeg:scrap_workbench":1,"minecraft:coarse_dirt":4,"minecraft:spruce_log":22,"minecraft:birch_leaves":8,"gamma_beasts:thin_oak_log":16,"minecraft:coal_ore":48,"minecraft:gravel":16,"minecraft:dripstone_block":6,"minecraft:fern":5},"minecraft:custom":{"minecraft:interact_with_crafting_table":106,"minecraft:bell_ring":7,"minecraft:leave_game":14,"minecraft:time_since_death":1096,"minecraft:sprint_one_cm":719064,"minecraft:damage_blocked_by_shield":1521,"minecraft:drop":100,"minecraft:talked_to_villager":1,"minecraft:play_time":362572,"minecraft:deaths":28,"minecraft:jump":7527,"minecraft:walk_on_water_one_cm":108355,"minecraft:interact_with_furnace":51,"minecraft:sleep_in_bed":4,"minecraft:damage_dealt":10399,"minecraft:player_kills":1,"minecraft:crouch_one_cm":79493,"minecraft:mob_kills":61,"minecraft:interact_with_campfire":24,"minecraft:climb_one_cm":20811,"minecraft:walk_one_cm":500792,"minecraft:sneak_time":34222,"minecraft:walk_under_water_one_cm":52866,"minecraft:total_world_time":362572,"minecraft:time_since_rest":1137,"minecraft:damage_taken":12425,"minecraft:swim_one_cm":80588,"minecraft:fly_one_cm":1405048,"minecraft:open_chest":85,"minecraft:fall_one_cm":298002},"minecraft:dropped":{"minecraft:iron_sword":2,"minecraft:birch_planks":6,"minecraft:glow_ink_sac":6,"untamedwilds:material_fat":1,"minecraft:glass_bottle":2,"minecraft:diamond":6,"minecraft:dirt":4,"minecraft:sand":8,"minecraft:white_wool":2,"minecraft:bone":14,"minecraft:gravel":1,"minecraft:white_tulip":3,"minecraft:cobbled_deepslate":7,"minecraft:birch_sapling":1,"minecraft:pointed_dripstone":1,"minecraft:rotten_flesh":4,"minecraft:azure_bluet":3,"create:white_sail":1,"minecraft:charcoal":1,"minecraft:acacia_sapling":1,"minecraft:azalea":4,"create:water_wheel":1,"minecraft:egg":1,"psychadelic:chemistrybook":1,"minecraft:water_bucket":1,"minecraft:oak_slab":8,"minecraft:wheat_seeds":68,"minecraft:dripstone_block":3,"minecraft:feather":6,"minecraft:oak_fence":9,"minecraft:stick":15,"mca:book_romance":2,"minecraft:torch":5,"minecraft:wooden_axe":1,"minecraft:potion":2,"minecraft:iron_leggings":1,"minecraft:string":2,"minecraft:dandelion":3,"minecraft:furnace":1,"minecraft:diamond_pickaxe":1,"minecraft:oak_sapling":1,"minecraft:spider_eye":2,"minecraft:spruce_log":2,"minecraft:stone_pickaxe":1,"minecraft:wooden_pickaxe":4,"minecraft:bell":1},"minecraft:killed_by":{"minecraft:drowned":1,"minecraft:zombie":1,"minecraft:player":4,"mca:male_villager":1,"minecraft:spider":1,"minecraft:iron_golem":1,"untamedwilds:bear":2,"minecraft:skeleton":3,"untamedwilds:big_cat":1},"minecraft:broken":{"minecraft:wooden_axe":1,"toughasnails:water_canteen":5},"minecraft:killed":{"minecraft:spider":6,"minecraft:skeleton":5,"minecraft:chicken":5,"minecraft:pig":1,"untamedwilds:boar":1,"minecraft:creeper":1,"minecraft:sheep":6,"minecraft:zombie":25,"minecraft:cow":10,"minecraft:drowned":1},"minecraft:crafted":{"minecraft:oak_planks":200,"minecraft:stone":4,"minecraft:cooked_mutton":7,"minecraft:glass":3,"minecraft:diamond_helmet":1,"minecraft:iron_boots":1,"minecraft:chest":3,"create:cogwheel":5,"minecraft:glass_bottle":3,"minecraft:oak_slab":6,"mca:family_tree":1,"minecraft:cooked_porkchop":3,"minecraft:crafting_table":7,"minecraft:wooden_pickaxe":1,"create:zinc_nugget":63,"minecraft:copper_ingot":44,"minecraft:birch_planks":20,"minecraft:campfire":11,"minecraft:diamond_pickaxe":1,"create:water_wheel":1,"minecraft:shield":1,"minecraft:stick":144,"minecraft:iron_ingot":30,"minecraft:iron_pickaxe":1,"minecraft:acacia_door":3,"create:large_cogwheel":6,"toughasnails:empty_canteen":1,"minecraft:leather_boots":1,"create:white_sail":12,"minecraft:furnace":3,"mca:bouquet":1,"minecraft:flint_and_steel":1,"jeg:scrap_workbench":2,"minecraft:iron_axe":1,"minecraft:ladder":21,"minecraft:stone_pickaxe":1,"create:windmill_bearing":1,"minecraft:cooked_beef":1,"minecraft:sugar":3,"create:andesite_alloy":31,"minecraft:iron_sword":1,"minecraft:bucket":1,"minecraft:stone_axe":1,"minecraft:bread":10,"minecraft:air":0,"jeg:scrap_block":2,"minecraft:wooden_axe":1,"minecraft:white_bed":1,"create:shaft":16,"minecraft:acacia_planks":20,"minecraft:torch":88,"create:zinc_ingot":19},"minecraft:picked_up":{"minecraft:wooden_axe":8,"gamma_beasts:thin_oak_log":46,"minecraft:wheat":38,"minecraft:yellow_wool":9,"untamedwilds:hide_ashen":6,"minecraft:potion":6,"minecraft:string":12,"minecraft:raw_copper":765,"minecraft:iron_leggings":1,"jeg:revolver":13,"create:water_wheel":7,"minecraft:cobbled_deepslate":47,"minecraft:bucket":3,"minecraft:spruce_planks":70,"minecraft:white_tulip":3,"minecraft:azalea":5,"minecraft:iron_pickaxe":11,"minecraft:iron_boots":2,"minecraft:furnace":10,"minecraft:stick":31,"jeg:pistol_ammo":12,"minecraft:oak_fence":9,"minecraft:torch":32,"minecraft:acacia_log":18,"minecraft:porkchop":3,"minecraft:pointed_dripstone":1,"create:large_cogwheel":14,"minecraft:rotten_flesh":33,"create:asurine":9,"gamma_beasts:coal_nugget":109,"minecraft:cobblestone":499,"minecraft:birch_log":25,"minecraft:feather":6,"minecraft:cooked_beef":50,"minecraft:water_bucket":5,"minecraft:andesite":180,"minecraft:flint":1,"minecraft:tuff":8,"create:raw_zinc":127,"jeg:scrap":267,"minecraft:dirt":155,"untamedwilds:flora_junegrass":1,"minecraft:leather_boots":4,"minecraft:bone":34,"minecraft:acacia_planks":6,"minecraft:wheat_seeds":100,"minecraft:raw_gold":110,"minecraft:bell":1,"create:shaft":13,"minecraft:diamond_helmet":13,"minecraft:oak_planks":176,"minecraft:cooked_porkchop":3,"create:cogwheel":36,"minecraft:sand":13,"toughasnails:water_canteen":7,"minecraft:diamond":34,"minecraft:bread":3,"minecraft:oak_sapling":2,"create:white_sail":7,"minecraft:diamond_pickaxe":14,"minecraft:charcoal":106,"minecraft:coarse_dirt":4,"minecraft:crafting_table":9,"minecraft:azure_bluet":4,"minecraft:chicken":5,"minecraft:ladder":36,"minecraft:leather_leggings":4,"minecraft:wooden_pickaxe":8,"jeg:scrap_workbench":3,"minecraft:brick":18,"minecraft:shield":15,"minecraft:cornflower":1,"minecraft:iron_axe":9,"minecraft:acacia_door":6,"minecraft:flint_and_steel":3,"minecraft:beef":17,"minecraft:poppy":1,"minecraft:sugar_cane":3,"minecraft:birch_sapling":1,"minecraft:egg":13,"minecraft:raw_iron":80,"minecraft:stone":2,"minecraft:copper_ingot":256,"create:windmill_bearing":2,"create:zinc_ingot":118,"toughasnails:empty_canteen":1,"minecraft:arrow":38,"minecraft:mutton":14,"jeg:raw_brimstone":12,"minecraft:white_wool":16,"minecraft:oxeye_daisy":1,"minecraft:glow_ink_sac":12,"minecraft:leather":18,"mca:family_tree":3,"minecraft:birch_planks":48,"minecraft:oak_log":79,"create:andesite_alloy":113,"minecraft:gunpowder":20,"mca:book_romance":4,"minecraft:cooked_mutton":10,"untamedwilds:material_fat":1,"minecraft:iron_ingot":118,"minecraft:stone_pickaxe":23,"minecraft:cooked_chicken":9,"minecraft:glass_bottle":17,"jeg:tech_trash":33,"minecraft:acacia_sapling":2,"minecraft:iron_sword":15,"minecraft:book":9,"minecraft:oak_slab":38,"minecraft:dandelion":19,"minecraft:dripstone_block":13,"minecraft:gravel":15,"minecraft:spruce_sapling":4,"minecraft:spruce_log":83,"minecraft:spider_eye":3,"minecraft:campfire":8,"minecraft:stone_axe":2,"create:zinc_nugget":52,"mca:book_infection":1,"minecraft:coal":155}},"DataVersion":3465}