{"stats":{"minecraft:used":{"minecraft:acacia_log":1,"minecraft:ladder":9,"minecraft:chest":1,"minecraft:iron_sword":129,"minecraft:shield":39,"minecraft:cooked_chicken":4,"minecraft:rotten_flesh":8,"minecraft:torch":85,"minecraft:dirt":45,"create:white_sail":18,"create:cogwheel":1,"toughasnails:empty_canteen":3,"minecraft:diamond_helmet":2,"minecraft:tuff":4,"minecraft:wooden_axe":33,"minecraft:iron_axe":146,"minecraft:iron_boots":2,"create:shaft":4,"minecraft:furnace":6,"jeg:revolver":10,"minecraft:cooked_beef":11,"minecraft:cobbled_deepslate":21,"minecraft:cooked_mutton":11,"minecraft:water_bucket":2,"minecraft:glass_bottle":55,"minecraft:stone_pickaxe":100,"minecraft:oak_planks":71,"minecraft:wooden_pickaxe":6,"psychadelic:chemistrybook":3,"minecraft:leather_boots":1,"toughasnails:water_canteen":65,"minecraft:white_wool":3,"minecraft:oak_slab":9,"minecraft:crafting_table":12,"minecraft:white_bed":1,"minecraft:campfire":9,"minecraft:dripstone_block":1,"minecraft:oak_log":2,"minecraft:diamond_pickaxe":286,"minecraft:acacia_door":3,"minecraft:chicken":1,"create:windmill_bearing":3,"minecraft:bread":2,"minecraft:iron_pickaxe":82,"create:water_wheel":1,"minecraft:yellow_wool":1,"jeg:scrap_workbench":1,"minecraft:stone_axe":36,"minecraft:potion":53,"minecraft:cobblestone":77,"minecraft:cooked_porkchop":3,"minecraft:andesite":8,"minecraft:bucket":2,"minecraft:air":2,"create:large_cogwheel":3},"minecraft:mined":{"create:zinc_ore":17,"jeg:brimstone_ore":3,"create:deepslate_zinc_ore":3,"minecraft:tuff":5,"minecraft:deepslate_diamond_ore":15,"minecraft:acacia_log":10,"minecraft:grass_block":13,"create:large_cogwheel":2,"minecraft:decorated_pot":1,"minecraft:oxeye_daisy":1,"create:shaft":2,"minecraft:furnace":4,"minecraft:iron_ore":11,"create:white_sail":6,"minecraft:andesite":110,"create:windmill_bearing":2,"minecraft:azure_bluet":2,"create:asurine":1,"minecraft:deepslate_iron_ore":20,"minecraft:dirt_path":1,"minecraft:azalea_leaves":1,"minecraft:stone":99,"minecraft:white_wool":7,"minecraft:oak_slab":13,"create:cogwheel":1,"minecraft:acacia_leaves":1,"jeg:scrap_ore":13,"minecraft:soul_fire":5,"minecraft:dandelion":17,"minecraft:oak_fence":12,"minecraft:crafting_table":9,"minecraft:cornflower":1,"minecraft:torch":1,"minecraft:poppy":2,"minecraft:campfire":9,"minecraft:copper_ore":45,"minecraft:tall_grass":15,"minecraft:cobblestone":13,"minecraft:deepslate_gold_ore":12,"minecraft:lily_pad":2,"minecraft:oak_planks":40,"minecraft:wall_torch":2,"jeg:deepslate_scrap_ore":8,"minecraft:yellow_wool":6,"minecraft:birch_log":5,"minecraft:spruce_log":7,"minecraft:grass":27,"minecraft:coal_ore":48,"minecraft:oak_log":69,"minecraft:dirt":37,"minecraft:sand":11,"minecraft:dripstone_block":6,"minecraft:oak_leaves":3,"minecraft:deepslate":20,"minecraft:fern":4},"minecraft:custom":{"minecraft:mob_kills":57,"minecraft:interact_with_crafting_table":95,"minecraft:interact_with_campfire":24,"minecraft:bell_ring":3,"minecraft:leave_game":10,"minecraft:time_since_death":22736,"minecraft:climb_one_cm":11573,"minecraft:sprint_one_cm":558561,"minecraft:walk_one_cm":347174,"minecraft:damage_blocked_by_shield":1401,"minecraft:drop":67,"minecraft:play_time":247586,"minecraft:sneak_time":15244,"minecraft:deaths":20,"minecraft:walk_under_water_one_cm":49220,"minecraft:jump":5640,"minecraft:walk_on_water_one_cm":101958,"minecraft:total_world_time":247586,"minecraft:interact_with_furnace":40,"minecraft:sleep_in_bed":2,"minecraft:time_since_rest":22761,"minecraft:damage_taken":9613,"minecraft:damage_dealt":9122,"minecraft:swim_one_cm":73645,"minecraft:fly_one_cm":1099084,"minecraft:open_chest":23,"minecraft:crouch_one_cm":48003,"minecraft:fall_one_cm":241795},"minecraft:dropped":{"psychadelic:chemistrybook":1,"minecraft:oak_slab":4,"minecraft:birch_planks":6,"minecraft:wheat_seeds":7,"minecraft:glow_ink_sac":6,"minecraft:glass_bottle":2,"untamedwilds:material_fat":1,"minecraft:diamond":4,"minecraft:dripstone_block":3,"minecraft:feather":6,"minecraft:oak_fence":9,"minecraft:stick":6,"minecraft:dirt":1,"minecraft:torch":4,"minecraft:wooden_axe":1,"minecraft:potion":2,"minecraft:sand":8,"minecraft:string":2,"minecraft:white_wool":2,"minecraft:dandelion":3,"minecraft:bone":14,"minecraft:white_tulip":3,"minecraft:furnace":1,"minecraft:cobbled_deepslate":7,"minecraft:pointed_dripstone":1,"minecraft:rotten_flesh":2,"minecraft:azure_bluet":3,"minecraft:diamond_pickaxe":1,"minecraft:charcoal":1,"minecraft:azalea":4,"minecraft:oak_sapling":1,"minecraft:acacia_sapling":1,"minecraft:spider_eye":1,"minecraft:spruce_log":2,"minecraft:stone_pickaxe":1,"minecraft:wooden_pickaxe":4,"create:water_wheel":1,"minecraft:bell":1,"minecraft:egg":1},"minecraft:killed_by":{"minecraft:spider":1,"minecraft:iron_golem":1,"minecraft:drowned":1,"untamedwilds:bear":2,"minecraft:skeleton":3,"untamedwilds:big_cat":1},"minecraft:broken":{"toughasnails:water_canteen":2,"minecraft:wooden_axe":1},"minecraft:killed":{"minecraft:spider":4,"minecraft:skeleton":5,"minecraft:chicken":5,"minecraft:pig":1,"untamedwilds:boar":1,"minecraft:creeper":1,"minecraft:sheep":6,"minecraft:zombie":24,"minecraft:cow":10},"minecraft:crafted":{"minecraft:oak_planks":168,"minecraft:leather_boots":1,"create:white_sail":12,"minecraft:furnace":3,"minecraft:stone":1,"mca:bouquet":1,"minecraft:cooked_mutton":7,"minecraft:glass":3,"minecraft:diamond_helmet":1,"minecraft:iron_boots":1,"jeg:scrap_workbench":1,"minecraft:iron_axe":1,"minecraft:ladder":21,"minecraft:stone_pickaxe":1,"minecraft:chest":1,"create:cogwheel":5,"create:windmill_bearing":1,"minecraft:cooked_beef":1,"minecraft:glass_bottle":3,"minecraft:oak_slab":6,"create:andesite_alloy":31,"minecraft:cooked_porkchop":3,"minecraft:crafting_table":5,"minecraft:wooden_pickaxe":1,"minecraft:iron_sword":1,"create:zinc_nugget":63,"minecraft:copper_ingot":22,"minecraft:bucket":1,"minecraft:birch_planks":20,"minecraft:campfire":11,"minecraft:stone_axe":1,"minecraft:air":0,"jeg:scrap_block":1,"minecraft:diamond_pickaxe":1,"create:water_wheel":1,"minecraft:shield":1,"minecraft:stick":136,"minecraft:iron_ingot":28,"minecraft:iron_pickaxe":1,"minecraft:wooden_axe":1,"minecraft:acacia_door":3,"create:large_cogwheel":6,"minecraft:white_bed":1,"create:shaft":16,"minecraft:acacia_planks":20,"minecraft:torch":88,"create:zinc_ingot":19,"toughasnails:empty_canteen":1},"minecraft:picked_up":{"minecraft:wooden_axe":8,"minecraft:charcoal":30,"minecraft:crafting_table":9,"minecraft:azure_bluet":4,"minecraft:chicken":5,"minecraft:ladder":24,"minecraft:yellow_wool":9,"minecraft:wooden_pickaxe":8,"minecraft:potion":6,"minecraft:brick":6,"minecraft:shield":9,"minecraft:cornflower":1,"minecraft:string":12,"minecraft:raw_copper":467,"minecraft:iron_axe":3,"minecraft:acacia_door":6,"jeg:revolver":7,"create:water_wheel":1,"minecraft:cobbled_deepslate":47,"minecraft:bucket":2,"minecraft:beef":17,"minecraft:white_tulip":3,"minecraft:azalea":5,"minecraft:poppy":1,"minecraft:iron_pickaxe":11,"minecraft:furnace":5,"minecraft:iron_boots":2,"minecraft:egg":4,"minecraft:raw_iron":60,"minecraft:stick":18,"jeg:pistol_ammo":12,"minecraft:copper_ingot":74,"minecraft:oak_fence":9,"minecraft:torch":26,"minecraft:acacia_log":18,"minecraft:porkchop":3,"create:windmill_bearing":2,"minecraft:pointed_dripstone":1,"create:zinc_ingot":46,"create:large_cogwheel":14,"minecraft:arrow":33,"minecraft:rotten_flesh":25,"create:asurine":9,"gamma_beasts:coal_nugget":109,"minecraft:mutton":14,"jeg:raw_brimstone":12,"minecraft:white_wool":15,"minecraft:cobblestone":223,"minecraft:oxeye_daisy":1,"minecraft:birch_log":25,"minecraft:feather":6,"minecraft:cooked_beef":40,"minecraft:glow_ink_sac":12,"minecraft:andesite":175,"minecraft:leather":18,"minecraft:birch_planks":48,"minecraft:tuff":8,"create:raw_zinc":127,"minecraft:oak_log":74,"create:andesite_alloy":8,"jeg:scrap":162,"minecraft:gunpowder":20,"mca:book_romance":2,"minecraft:dirt":104,"minecraft:cooked_mutton":10,"minecraft:bone":33,"minecraft:acacia_planks":6,"untamedwilds:material_fat":1,"minecraft:wheat_seeds":7,"minecraft:raw_gold":62,"minecraft:bell":1,"minecraft:iron_ingot":56,"minecraft:stone_pickaxe":17,"minecraft:cooked_chicken":4,"create:shaft":4,"minecraft:diamond_helmet":7,"minecraft:glass_bottle":17,"minecraft:iron_sword":7,"minecraft:oak_planks":147,"minecraft:acacia_sapling":2,"jeg:tech_trash":17,"minecraft:oak_slab":22,"minecraft:cooked_porkchop":3,"create:cogwheel":11,"minecraft:dandelion":19,"minecraft:dripstone_block":13,"minecraft:sand":13,"minecraft:spruce_sapling":4,"minecraft:spruce_log":8,"minecraft:spider_eye":1,"toughasnails:water_canteen":2,"minecraft:diamond":24,"minecraft:campfire":8,"minecraft:stone_axe":2,"create:zinc_nugget":51,"minecraft:oak_sapling":1,"minecraft:coal":155,"create:white_sail":6,"minecraft:diamond_pickaxe":8}},"DataVersion":3465}